INDEX,TRACK ID,VALID,UTC DATE,UTC TIME,LOCAL DATE,LOCAL TIME,MS,LATITUDE,N/S,LONGITUDE,E/W,ALTITUDE,SPEED,HEADING,G-X,G-Y,G-Z
1,1,FIXED,1/23/2018,0:06:09,1/22/2018,16:06:09,0,47.661436,N,-117.403857,W,547.0755,6.620706,219.165525,0,0,0
2,1,FIXED,1/23/2018,0:06:19,1/22/2018,16:06:19,0,47.660985,N,-117.404402,W,549.289673,35.910057,30.384895,0,0,0
3,1,FIXED,1/23/2018,0:08:06,1/22/2018,16:08:06,0,47.661772,N,-117.403717,W,533.376038,2.398144,94.912131,0,0,0
4,1,FIXED,1/23/2018,0:08:16,1/22/2018,16:08:16,0,47.661766,N,-117.403613,W,539.866821,1.972878,41.235007,0,0,0
5,1,FIXED,1/23/2018,0:08:26,1/22/2018,16:08:26,0,47.661936,N,-117.403392,W,543.926758,1.538539,151.221364,0,0,0
6,1,FIXED,1/23/2018,0:08:36,1/22/2018,16:08:36,0,47.66183,N,-117.403306,W,547.090149,2.552957,162.549224,0,0,0
7,1,FIXED,1/23/2018,0:08:46,1/22/2018,16:08:46,0,47.661799,N,-117.403291,W,548.859924,2.512608,177.929196,0,0,0
8,1,FIXED,1/23/2018,0:08:56,1/22/2018,16:08:56,0,47.661781,N,-117.403291,W,549.225952,1.430066,5.563265,0,0,0
9,1,FIXED,1/23/2018,0:09:06,1/22/2018,16:09:06,0,47.661828,N,-117.403284,W,549.238403,1.771464,348.438732,0,0,0
10,1,FIXED,1/23/2018,0:09:16,1/22/2018,16:09:16,0,47.661894,N,-117.403304,W,549.376221,1.990539,331.184599,0,0,0
11,1,FIXED,1/23/2018,0:09:26,1/22/2018,16:09:26,0,47.661934,N,-117.403337,W,549.395264,0.738638,306.953314,0,0,0
12,1,FIXED,1/23/2018,0:09:36,1/22/2018,16:09:36,0,47.661961,N,-117.403389,W,549.317261,4.004189,97.353425,0,0,0
13,1,FIXED,1/23/2018,0:09:46,1/22/2018,16:09:46,0,47.661951,N,-117.403274,W,549.228394,0.293817,55.77229,0,0,0
14,1,FIXED,1/23/2018,0:09:56,1/22/2018,16:09:56,0,47.661998,N,-117.40317,W,548.928589,2.701545,189.273144,0,0,0
15,1,FIXED,1/23/2018,0:10:06,1/22/2018,16:10:06,0,47.661924,N,-117.403188,W,548.799377,1.637589,79.094791,0,0,0
16,1,FIXED,1/23/2018,0:10:16,1/22/2018,16:10:16,0,47.661931,N,-117.403135,W,548.767395,1.092447,292.727821,0,0,0
17,1,FIXED,1/23/2018,0:10:26,1/22/2018,16:10:26,0,47.661974,N,-117.403288,W,548.715576,1.853063,194.339263,0,0,0
18,1,FIXED,1/23/2018,0:10:36,1/22/2018,16:10:36,0,47.661906,N,-117.403314,W,548.749084,1.777079,280.660267,0,0,0
19,1,FIXED,1/23/2018,0:10:46,1/22/2018,16:10:46,0,47.661907,N,-117.403321,W,548.930176,2.636655,99.919019,0,0,0
20,1,FIXED,1/23/2018,0:10:56,1/22/2018,16:10:56,0,47.661897,N,-117.403234,W,548.549683,0.1277,237.474371,0,0,0
21,1,FIXED,1/23/2018,0:11:06,1/22/2018,16:11:06,0,47.661893,N,-117.403243,W,548.559143,0.843144,249.446855,0,0,0
22,1,FIXED,1/23/2018,0:11:16,1/22/2018,16:11:16,0,47.661887,N,-117.403265,W,548.560425,0.645106,341.496017,0,0,0
23,1,FIXED,1/23/2018,0:11:26,1/22/2018,16:11:26,0,47.661907,N,-117.403274,W,548.84436,0.333718,190.707311,0,0,0
24,1,FIXED,1/23/2018,0:12:09,1/22/2018,16:12:09,0,47.661152,N,-117.403487,W,621.194946,3.205815,319.515508,0,0,0
25,1,FIXED,1/23/2018,0:12:19,1/22/2018,16:12:19,0,47.661318,N,-117.403697,W,620.385132,1.928868,46.141982,0,0,0
26,1,FIXED,1/23/2018,0:12:29,1/22/2018,16:12:29,0,47.661434,N,-117.403517,W,617.764832,6.955627,310.909377,0,0,0
27,1,FIXED,1/23/2018,0:12:39,1/22/2018,16:12:39,0,47.661686,N,-117.403948,W,616.043335,3.752548,302.539264,0,0,0
28,1,FIXED,1/23/2018,0:12:49,1/22/2018,16:12:49,0,47.661863,N,-117.40436,W,615.039185,7.008743,323.365225,0,0,0
29,1,FIXED,1/23/2018,0:12:59,1/22/2018,16:12:59,0,47.66205,N,-117.404567,W,615.039673,6.398479,320.684069,0,0,0
30,1,FIXED,1/23/2018,0:13:09,1/22/2018,16:13:09,0,47.662189,N,-117.404736,W,615.518616,7.077682,319.993671,0,0,0
31,1,FIXED,1/23/2018,0:13:19,1/22/2018,16:13:19,0,47.662325,N,-117.404905,W,615.382996,5.103511,310.696519,0,0,0
32,1,FIXED,1/23/2018,0:13:29,1/22/2018,16:13:29,0,47.662441,N,-117.405105,W,614.423889,5.991153,308.725843,0,0,0
33,1,FIXED,1/23/2018,0:13:39,1/22/2018,16:13:39,0,47.662553,N,-117.405313,W,608.654663,6.303185,302.935081,0,0,0
34,1,FIXED,1/23/2018,0:13:49,1/22/2018,16:13:49,0,47.662677,N,-117.405598,W,599.715332,6.292594,282.684266,0,0,0
35,1,FIXED,1/23/2018,0:13:59,1/22/2018,16:13:59,0,47.662718,N,-117.405868,W,590.855591,6.178042,262.334445,0,0,0
36,1,FIXED,1/23/2018,0:14:09,1/22/2018,16:14:09,0,47.662695,N,-117.40612,W,581.557495,6.353755,247.808128,0,0,0
37,1,FIXED,1/23/2018,0:14:19,1/22/2018,16:14:19,0,47.66263,N,-117.406357,W,571.139343,5.492529,239.432211,0,0,0
38,1,FIXED,1/23/2018,0:14:29,1/22/2018,16:14:29,0,47.662548,N,-117.406564,W,566.292969,6.100387,236.744951,0,0,0
39,1,FIXED,1/23/2018,0:14:39,1/22/2018,16:14:39,0,47.662457,N,-117.406769,W,558.993652,6.286691,238.49923,0,0,0
40,1,FIXED,1/23/2018,0:14:49,1/22/2018,16:14:49,0,47.66237,N,-117.40698,W,556.789368,6.49329,235.118909,0,0,0
41,1,FIXED,1/23/2018,0:14:59,1/22/2018,16:14:59,0,47.662265,N,-117.407204,W,552.057556,5.760295,251.398607,0,0,0
42,1,FIXED,1/23/2018,0:15:09,1/22/2018,16:15:09,0,47.662223,N,-117.40739,W,552.869507,3.466443,269.083197,0,0,0
43,1,FIXED,1/23/2018,0:15:19,1/22/2018,16:15:19,0,47.662221,N,-117.407545,W,553.897095,0.932382,269.221388,0,0,0
44,1,FIXED,1/23/2018,0:15:29,1/22/2018,16:15:29,0,47.662221,N,-117.407547,W,554.288757,0.136811,269.221388,0,0,0
45,2,FIXED,1/23/2018,15:47:28,1/23/2018,7:47:28,0,47.67926,N,-117.374103,W,150.537628,6.124962,49.86783,0,0,0
46,2,FIXED,1/23/2018,15:47:38,1/23/2018,7:47:38,0,47.680988,N,-117.371058,W,564.147522,6.321236,248.804707,0,0,0
47,2,FIXED,1/23/2018,15:47:48,1/23/2018,7:47:48,0,47.680935,N,-117.37126,W,564.927612,5.560472,262.719155,0,0,0
48,2,FIXED,1/23/2018,15:47:58,1/23/2018,7:47:58,0,47.680917,N,-117.37147,W,564.673035,5.939544,273.708022,0,0,0
49,2,FIXED,1/23/2018,15:48:08,1/23/2018,7:48:08,0,47.680923,N,-117.371614,W,566.267212,5.95936,263.40586,0,0,0
50,2,FIXED,1/23/2018,15:48:18,1/23/2018,7:48:18,0,47.680907,N,-117.371824,W,566.410034,5.313293,248.921028,0,0,0
51,2,FIXED,1/23/2018,15:48:28,1/23/2018,7:48:28,0,47.680864,N,-117.371987,W,565.959412,4.584626,280.890434,0,0,0
52,2,FIXED,1/23/2018,15:48:38,1/23/2018,7:48:38,0,47.68089,N,-117.372182,W,565.723145,5.678647,281.733907,0,0,0
53,2,FIXED,1/23/2018,15:48:48,1/23/2018,7:48:48,0,47.680918,N,-117.372384,W,566.677856,5.705513,271.594648,0,0,0
54,2,FIXED,1/23/2018,15:48:58,1/23/2018,7:48:58,0,47.680922,N,-117.372584,W,567.422119,6.274867,253.645063,0,0,0
55,2,FIXED,1/23/2018,15:49:08,1/23/2018,7:49:08,0,47.68088,N,-117.372797,W,567.909119,6.186533,256.706317,0,0,0
56,2,FIXED,1/23/2018,15:49:18,1/23/2018,7:49:18,0,47.680847,N,-117.373005,W,567.921448,5.088156,269.019438,0,0,0
57,2,FIXED,1/23/2018,15:49:28,1/23/2018,7:49:28,0,47.680844,N,-117.373218,W,567.42511,5.332979,265.97062,0,0,0
58,2,FIXED,1/23/2018,15:49:38,1/23/2018,7:49:38,0,47.680836,N,-117.373391,W,567.45752,5.088953,248.598846,0,0,0
59,2,FIXED,1/23/2018,15:49:48,1/23/2018,7:49:48,0,47.680783,N,-117.373589,W,564.994751,6.164901,261.286788,0,0,0
60,2,FIXED,1/23/2018,15:49:58,1/23/2018,7:49:58,0,47.680761,N,-117.37381,W,563.529846,6.156441,259.875844,0,0,0
61,2,FIXED,1/23/2018,15:50:08,1/23/2018,7:50:08,0,47.680734,N,-117.374033,W,560.854126,6.447693,262.429856,0,0,0
62,2,FIXED,1/23/2018,15:50:18,1/23/2018,7:50:18,0,47.680714,N,-117.37425,W,560.21167,5.155864,262.287097,0,0,0
63,2,FIXED,1/23/2018,15:50:28,1/23/2018,7:50:28,0,47.680697,N,-117.374446,W,560.916687,4.513484,265.332155,0,0,0
64,2,FIXED,1/23/2018,15:50:38,1/23/2018,7:50:38,0,47.680685,N,-117.374648,W,561.264709,6.091459,265.122676,0,0,0
65,2,FIXED,1/23/2018,15:50:48,1/23/2018,7:50:48,0,47.680673,N,-117.374863,W,562.257263,5.732662,252.76079,0,0,0
66,2,FIXED,1/23/2018,15:50:58,1/23/2018,7:50:58,0,47.680637,N,-117.375037,W,562.093323,4.88073,72.955517,0,0,0
67,2,FIXED,1/23/2018,15:51:08,1/23/2018,7:51:08,0,47.68066,N,-117.374925,W,561.758484,5.388087,75.112142,0,0,0
68,2,FIXED,1/23/2018,15:51:18,1/23/2018,7:51:18,0,47.680696,N,-117.374723,W,562.741882,5.239787,90.510805,0,0,0
69,2,FIXED,1/23/2018,15:51:28,1/23/2018,7:51:28,0,47.680695,N,-117.374514,W,565.854553,5.182909,100.629284,0,0,0
70,2,FIXED,1/23/2018,15:51:38,1/23/2018,7:51:38,0,47.680685,N,-117.374438,W,567.737549,6.000961,268.191019,0,0,0
71,2,FIXED,1/23/2018,15:51:48,1/23/2018,7:51:48,0,47.680681,N,-117.374655,W,566.665588,6.216527,272.547832,0,0,0
72,2,FIXED,1/23/2018,15:51:58,1/23/2018,7:51:58,0,47.680684,N,-117.374769,W,565.838074,3.148338,253.078072,0,0,0
73,2,FIXED,1/23/2018,15:52:08,1/23/2018,7:52:08,0,47.680652,N,-117.374925,W,566.658936,3.94503,262.571455,0,0,0
74,2,FIXED,1/23/2018,15:52:18,1/23/2018,7:52:18,0,47.680637,N,-117.375095,W,567.783997,4.939991,253.48378,0,0,0
75,2,FIXED,1/23/2018,15:52:28,1/23/2018,7:52:28,0,47.680597,N,-117.375293,W,567.92865,5.659185,249.591167,0,0,0
76,2,FIXED,1/23/2018,15:52:38,1/23/2018,7:52:38,0,47.680545,N,-117.375501,W,568.655396,5.945767,247.511287,0,0,0
77,2,FIXED,1/23/2018,15:52:48,1/23/2018,7:52:48,0,47.680492,N,-117.375694,W,568.536865,5.166961,242.73866,0,0,0
78,2,FIXED,1/23/2018,15:52:58,1/23/2018,7:52:58,0,47.680433,N,-117.375864,W,567.632141,5.406737,233.291508,0,0,0
79,2,FIXED,1/23/2018,15:53:08,1/23/2018,7:53:08,0,47.680356,N,-117.376017,W,567.694336,4.976455,189.878206,0,0,0
80,2,FIXED,1/23/2018,15:53:18,1/23/2018,7:53:18,0,47.680241,N,-117.376047,W,565.377075,5.278794,187.590251,0,0,0
81,2,FIXED,1/23/2018,15:53:28,1/23/2018,7:53:28,0,47.680122,N,-117.37607,W,565.587463,4.931469,196.309936,0,0,0
82,2,FIXED,1/23/2018,15:53:38,1/23/2018,7:53:38,0,47.680078,N,-117.37609,W,566.220764,4.616568,144.799749,0,0,0
83,2,FIXED,1/23/2018,15:53:48,1/23/2018,7:53:48,0,47.679978,N,-117.375986,W,565.326477,5.717435,114.198158,0,0,0
84,2,FIXED,1/23/2018,15:53:58,1/23/2018,7:53:58,0,47.679947,N,-117.375883,W,564.820251,0.483299,158.392491,0,0,0
85,2,FIXED,1/23/2018,15:54:08,1/23/2018,7:54:08,0,47.679906,N,-117.375859,W,560.201294,4.961406,263.567027,0,0,0
86,2,FIXED,1/23/2018,15:54:18,1/23/2018,7:54:18,0,47.679895,N,-117.375999,W,560.010376,4.780738,252.896011,0,0,0
87,2,FIXED,1/23/2018,15:54:28,1/23/2018,7:54:28,0,47.679854,N,-117.376198,W,559.223022,6.059994,281.294657,0,0,0
88,2,FIXED,1/23/2018,15:54:38,1/23/2018,7:54:38,0,47.679861,N,-117.376246,W,559.43927,0.367256,250.83254,0,0,0
89,2,FIXED,1/23/2018,15:54:48,1/23/2018,7:54:48,0,47.679814,N,-117.376447,W,558.719238,6.403839,253.808483,0,0,0
90,2,FIXED,1/23/2018,15:54:58,1/23/2018,7:54:58,0,47.679768,N,-117.37668,W,556.037048,6.626618,256.061967,0,0,0
91,2,FIXED,1/23/2018,15:55:08,1/23/2018,7:55:08,0,47.679744,N,-117.376824,W,557.456055,5.276907,237.865352,0,0,0
92,2,FIXED,1/23/2018,15:55:18,1/23/2018,7:55:18,0,47.679667,N,-117.377005,W,557.357605,2.094501,274.900278,0,0,0
93,2,FIXED,1/23/2018,15:55:28,1/23/2018,7:55:28,0,47.679677,N,-117.377177,W,558.535156,5.350224,256.844827,0,0,0
94,2,FIXED,1/23/2018,15:55:38,1/23/2018,7:55:38,0,47.679644,N,-117.377387,W,558.801758,6.741627,234.015001,0,0,0
95,2,FIXED,1/23/2018,15:55:48,1/23/2018,7:55:48,0,47.679595,N,-117.377488,W,558.565674,6.45028,252.219337,0,0,0
96,2,FIXED,1/23/2018,15:55:58,1/23/2018,7:55:58,0,47.679547,N,-117.377712,W,558.042419,6.372823,249.26532,0,0,0
97,2,FIXED,1/23/2018,15:56:08,1/23/2018,7:56:08,0,47.679484,N,-117.377956,W,557.146301,5.690994,246.837754,0,0,0
98,2,FIXED,1/23/2018,15:56:18,1/23/2018,7:56:18,0,47.679425,N,-117.378161,W,557.267212,6.615667,254.49832,0,0,0
99,2,FIXED,1/23/2018,15:56:28,1/23/2018,7:56:28,0,47.679381,N,-117.378399,W,557.692505,4.85859,272.735462,0,0,0
100,2,FIXED,1/23/2018,15:56:38,1/23/2018,7:56:38,0,47.679385,N,-117.378537,W,559.02771,6.255809,247.540485,0,0,0
101,2,FIXED,1/23/2018,15:56:48,1/23/2018,7:56:48,0,47.679323,N,-117.37876,W,559.262207,6.49289,265.131984,0,0,0
102,2,FIXED,1/23/2018,15:56:58,1/23/2018,7:56:58,0,47.679308,N,-117.379015,W,559.210876,5.27976,250.119215,0,0,0
103,2,FIXED,1/23/2018,15:57:08,1/23/2018,7:57:08,0,47.679276,N,-117.379147,W,560.029236,0.450861,245.818629,0,0,0
104,2,FIXED,1/23/2018,15:57:18,1/23/2018,7:57:18,0,47.679215,N,-117.37935,W,560.656555,6.298946,258.9634,0,0,0
105,2,FIXED,1/23/2018,15:57:28,1/23/2018,7:57:28,0,47.679184,N,-117.379581,W,559.496338,6.821165,249.347629,0,0,0
106,2,FIXED,1/23/2018,15:57:38,1/23/2018,7:57:38,0,47.679127,N,-117.379809,W,560.056946,5.326659,268.708647,0,0,0
107,2,FIXED,1/23/2018,15:57:48,1/23/2018,7:57:48,0,47.679125,N,-117.37993,W,559.337219,0.381602,69.256155,0,0,0
108,2,FIXED,1/23/2018,15:57:58,1/23/2018,7:57:58,0,47.679128,N,-117.379917,W,559.586731,0.244068,41.174996,0,0,0
109,2,FIXED,1/23/2018,15:58:08,1/23/2018,7:58:08,0,47.679129,N,-117.379916,W,559.766418,0.114643,137.164891,0,0,0
110,2,FIXED,1/23/2018,15:58:18,1/23/2018,7:58:18,0,47.679129,N,-117.379915,W,559.722229,0.056344,270.447,0,0,0
111,2,FIXED,1/23/2018,15:58:28,1/23/2018,7:58:28,0,47.679129,N,-117.380038,W,558.797607,6.538205,248.756096,0,0,0
112,2,FIXED,1/23/2018,15:58:38,1/23/2018,7:58:38,0,47.679075,N,-117.380245,W,558.440491,6.594431,257.579826,0,0,0
113,2,FIXED,1/23/2018,15:58:48,1/23/2018,7:58:48,0,47.679051,N,-117.380406,W,556.453979,2.156288,251.352568,0,0,0
114,2,FIXED,1/23/2018,15:58:58,1/23/2018,7:58:58,0,47.679015,N,-117.380564,W,556.370667,5.856506,259.00967,0,0,0
115,2,FIXED,1/23/2018,15:59:08,1/23/2018,7:59:08,0,47.678993,N,-117.380731,W,556.976868,6.094484,250.519737,0,0,0
116,2,FIXED,1/23/2018,15:59:18,1/23/2018,7:59:18,0,47.678942,N,-117.380946,W,559.959656,6.500062,247.335676,0,0,0
117,2,FIXED,1/23/2018,15:59:28,1/23/2018,7:59:28,0,47.678879,N,-117.381171,W,560.422424,6.143464,248.475154,0,0,0
118,2,FIXED,1/23/2018,15:59:38,1/23/2018,7:59:38,0,47.678837,N,-117.381328,W,559.377625,0.095264,252.787781,0,0,0
119,2,FIXED,1/23/2018,15:59:48,1/23/2018,7:59:48,0,47.678798,N,-117.381518,W,559.757751,6.561706,249.40758,0,0,0
120,2,FIXED,1/23/2018,15:59:58,1/23/2018,7:59:58,0,47.678741,N,-117.38174,W,561.110168,5.639314,249.94821,0,0,0
121,2,FIXED,1/23/2018,16:00:08,1/23/2018,8:00:08,0,47.678697,N,-117.381921,W,562.090881,4.332706,254.33951,0,0,0
122,2,FIXED,1/23/2018,16:00:18,1/23/2018,8:00:18,0,47.678657,N,-117.382134,W,561.909851,5.686275,255.969161,0,0,0
123,2,FIXED,1/23/2018,16:00:28,1/23/2018,8:00:28,0,47.678619,N,-117.382358,W,561.518311,6.445508,240.018017,0,0,0
124,2,FIXED,1/23/2018,16:00:38,1/23/2018,8:00:38,0,47.678541,N,-117.382558,W,563.309265,6.47025,243.689823,0,0,0
125,2,FIXED,1/23/2018,16:00:48,1/23/2018,8:00:48,0,47.67847,N,-117.382772,W,564.660034,6.527802,250.638493,0,0,0
126,2,FIXED,1/23/2018,16:00:58,1/23/2018,8:00:58,0,47.678419,N,-117.382986,W,566.597595,6.406051,246.557115,0,0,0
127,2,FIXED,1/23/2018,16:01:08,1/23/2018,8:01:08,0,47.678355,N,-117.383206,W,568.27832,7.287234,245.050966,0,0,0
128,2,FIXED,1/23/2018,16:01:18,1/23/2018,8:01:18,0,47.678287,N,-117.383425,W,568.385925,6.805163,245.636354,0,0,0
129,2,FIXED,1/23/2018,16:01:28,1/23/2018,8:01:28,0,47.678216,N,-117.383656,W,568.782104,5.407352,248.078592,0,0,0
130,2,FIXED,1/23/2018,16:01:38,1/23/2018,8:01:38,0,47.678168,N,-117.383834,W,568.830872,4.729554,235.034275,0,0,0
131,2,FIXED,1/23/2018,16:01:48,1/23/2018,8:01:48,0,47.678085,N,-117.38401,W,568.348572,6.777415,232.430017,0,0,0
132,2,FIXED,1/23/2018,16:01:58,1/23/2018,8:01:58,0,47.67799,N,-117.384194,W,567.680908,6.240444,245.569382,0,0,0
133,2,FIXED,1/23/2018,16:02:08,1/23/2018,8:02:08,0,47.677922,N,-117.384415,W,567.588562,6.420288,239.661036,0,0,0
134,2,FIXED,1/23/2018,16:02:18,1/23/2018,8:02:18,0,47.677861,N,-117.38457,W,567.408875,6.515944,237.295606,0,0,0
135,2,FIXED,1/23/2018,16:02:28,1/23/2018,8:02:28,0,47.67778,N,-117.384758,W,567.476563,6.074912,243.854067,0,0,0
136,2,FIXED,1/23/2018,16:02:38,1/23/2018,8:02:38,0,47.677711,N,-117.384966,W,565.122192,6.383006,235.487375,0,0,0
137,2,FIXED,1/23/2018,16:02:48,1/23/2018,8:02:48,0,47.677639,N,-117.385123,W,563.355835,1.670287,113.658433,0,0,0
138,2,FIXED,1/23/2018,16:02:58,1/23/2018,8:02:58,0,47.677601,N,-117.384995,W,561.667175,6.521297,117.53167,0,0,0
139,2,FIXED,1/23/2018,16:03:08,1/23/2018,8:03:08,0,47.677541,N,-117.384824,W,559.571716,5.762652,132.523683,0,0,0
140,2,FIXED,1/23/2018,16:03:18,1/23/2018,8:03:18,0,47.677436,N,-117.384654,W,560.980713,6.307611,142.336699,0,0,0
141,2,FIXED,1/23/2018,16:03:28,1/23/2018,8:03:28,0,47.677313,N,-117.384513,W,558.168518,6.42261,145.728525,0,0,0
142,2,FIXED,1/23/2018,16:03:38,1/23/2018,8:03:38,0,47.677175,N,-117.384374,W,558.653442,6.633293,148.016122,0,0,0
143,2,FIXED,1/23/2018,16:03:48,1/23/2018,8:03:48,0,47.677047,N,-117.384255,W,561.187561,4.881533,147.910175,0,0,0
144,2,FIXED,1/23/2018,16:03:58,1/23/2018,8:03:58,0,47.676912,N,-117.384129,W,560.334351,6.293343,148.703187,0,0,0
145,2,FIXED,1/23/2018,16:04:08,1/23/2018,8:04:08,0,47.676768,N,-117.383999,W,560.359192,6.557149,147.682386,0,0,0
146,2,FIXED,1/23/2018,16:04:18,1/23/2018,8:04:18,0,47.676631,N,-117.383871,W,558.354675,6.522975,147.776126,0,0,0
147,2,FIXED,1/23/2018,16:04:28,1/23/2018,8:04:28,0,47.676491,N,-117.383739,W,557.467407,6.091373,129.828741,0,0,0
148,2,FIXED,1/23/2018,16:04:38,1/23/2018,8:04:38,0,47.676394,N,-117.383567,W,555.269897,6.100717,84.999072,0,0,0
149,2,FIXED,1/23/2018,16:04:48,1/23/2018,8:04:48,0,47.676405,N,-117.383376,W,551.745728,5.825721,55.100709,0,0,0
150,2,FIXED,1/23/2018,16:04:58,1/23/2018,8:04:58,0,47.6765,N,-117.383175,W,547.90979,6.091022,60.464621,0,0,0
151,2,FIXED,1/23/2018,16:05:08,1/23/2018,8:05:08,0,47.676577,N,-117.382973,W,545.483398,6.205463,56.648643,0,0,0
152,2,FIXED,1/23/2018,16:05:18,1/23/2018,8:05:18,0,47.676668,N,-117.382768,W,542.913208,4.792367,69.500054,0,0,0
153,2,FIXED,1/23/2018,16:05:28,1/23/2018,8:05:28,0,47.676714,N,-117.382584,W,543.501099,2.043786,52.04772,0,0,0
154,2,FIXED,1/23/2018,16:05:38,1/23/2018,8:05:38,0,47.676804,N,-117.382413,W,542.573608,6.069044,72.79183,0,0,0
155,2,FIXED,1/23/2018,16:05:48,1/23/2018,8:05:48,0,47.676843,N,-117.382223,W,546.036926,5.965701,61.666829,0,0,0
156,2,FIXED,1/23/2018,16:05:58,1/23/2018,8:05:58,0,47.676924,N,-117.382,W,548.885864,7.122913,64.866553,0,0,0
157,2,FIXED,1/23/2018,16:06:08,1/23/2018,8:06:08,0,47.677002,N,-117.381754,W,549.675842,6.599765,81.858484,0,0,0
158,2,FIXED,1/23/2018,16:06:18,1/23/2018,8:06:18,0,47.677013,N,-117.381638,W,546.699524,7.085385,66.731693,0,0,0
159,2,FIXED,1/23/2018,16:06:28,1/23/2018,8:06:28,0,47.677075,N,-117.381425,W,544.011169,6.373538,73.097597,0,0,0
160,2,FIXED,1/23/2018,16:06:38,1/23/2018,8:06:38,0,47.677123,N,-117.381192,W,543.029785,6.597976,69.979711,0,0,0
161,2,FIXED,1/23/2018,16:06:48,1/23/2018,8:06:48,0,47.677178,N,-117.380967,W,544.582031,6.191204,71.28478,0,0,0
162,2,FIXED,1/23/2018,16:06:58,1/23/2018,8:06:58,0,47.677228,N,-117.380748,W,544.974182,6.466429,70.249576,0,0,0
163,2,FIXED,1/23/2018,16:07:08,1/23/2018,8:07:08,0,47.677282,N,-117.380524,W,545.276611,6.735706,69.360785,0,0,0
164,2,FIXED,1/23/2018,16:07:18,1/23/2018,8:07:18,0,47.677334,N,-117.380317,W,550.370789,5.310046,64.956322,0,0,0
165,2,FIXED,1/23/2018,16:07:28,1/23/2018,8:07:28,0,47.677396,N,-117.380121,W,552.291077,6.168843,81.945184,0,0,0
166,2,FIXED,1/23/2018,16:07:38,1/23/2018,8:07:38,0,47.677417,N,-117.379897,W,554.76947,2.531967,72.378409,0,0,0
167,2,FIXED,1/23/2018,16:07:48,1/23/2018,8:07:48,0,47.677445,N,-117.379769,W,555.848328,6.244061,59.039629,0,0,0
168,2,FIXED,1/23/2018,16:07:58,1/23/2018,8:07:58,0,47.677525,N,-117.379572,W,557.255737,6.648364,61.846036,0,0,0
169,2,FIXED,1/23/2018,16:08:08,1/23/2018,8:08:08,0,47.677604,N,-117.379352,W,559.233521,7.024801,62.115447,0,0,0
170,2,FIXED,1/23/2018,16:08:18,1/23/2018,8:08:18,0,47.677681,N,-117.379136,W,560.114929,6.532972,64.052305,0,0,0
171,2,FIXED,1/23/2018,16:08:28,1/23/2018,8:08:28,0,47.677754,N,-117.378912,W,561.46167,6.972468,59.334646,0,0,0
172,2,FIXED,1/23/2018,16:08:38,1/23/2018,8:08:38,0,47.677836,N,-117.378708,W,561.199768,6.524798,60.072347,0,0,0
173,2,FIXED,1/23/2018,16:08:48,1/23/2018,8:08:48,0,47.677915,N,-117.378503,W,563.234985,6.416241,61.266394,0,0,0
174,2,FIXED,1/23/2018,16:08:58,1/23/2018,8:08:58,0,47.677988,N,-117.378304,W,566.385254,6.328014,63.372518,0,0,0
175,2,FIXED,1/23/2018,16:09:08,1/23/2018,8:09:08,0,47.678056,N,-117.378103,W,568.378967,6.05502,63.192258,0,0,0
176,2,FIXED,1/23/2018,16:09:18,1/23/2018,8:09:18,0,47.678126,N,-117.377898,W,567.603882,6.211289,66.997425,0,0,0
177,2,FIXED,1/23/2018,16:09:28,1/23/2018,8:09:28,0,47.678179,N,-117.377712,W,570.593811,4.043087,86.447258,0,0,0
178,2,FIXED,1/23/2018,16:09:38,1/23/2018,8:09:38,0,47.678181,N,-117.377678,W,568.661743,0.212271,140.771274,0,0,0
179,2,FIXED,1/23/2018,16:09:48,1/23/2018,8:09:48,0,47.67818,N,-117.377677,W,567.586609,0.753795,139.685294,0,0,0
180,2,FIXED,1/23/2018,16:09:58,1/23/2018,8:09:58,0,47.678178,N,-117.377675,W,567.653748,0.035945,171.487779,0,0,0
181,2,FIXED,1/23/2018,16:10:08,1/23/2018,8:10:08,0,47.678178,N,-117.377675,W,567.566956,0.09281,214.168667,0,0,0
182,2,FIXED,1/23/2018,16:10:18,1/23/2018,8:10:18,0,47.678178,N,-117.377675,W,567.529907,0.066124,160.966771,0,0,0
183,2,FIXED,1/23/2018,16:10:28,1/23/2018,8:10:28,0,47.678177,N,-117.377675,W,567.473511,0.149641,174.354384,0,0,0
184,2,FIXED,1/23/2018,16:10:38,1/23/2018,8:10:38,0,47.678177,N,-117.377675,W,567.37616,0.080972,202.131188,0,0,0
185,2,FIXED,1/23/2018,16:10:48,1/23/2018,8:10:48,0,47.678177,N,-117.377675,W,567.302673,0.051437,184.647586,0,0,0
186,2,FIXED,1/23/2018,16:10:58,1/23/2018,8:10:58,0,47.678176,N,-117.377675,W,567.246948,0.079318,143.857615,0,0,0
187,2,FIXED,1/23/2018,16:11:08,1/23/2018,8:11:08,0,47.678176,N,-117.377675,W,567.166626,0.220008,228.860203,0,0,0
188,2,FIXED,1/23/2018,16:11:18,1/23/2018,8:11:18,0,47.678176,N,-117.377675,W,567.096008,0.027979,265.920582,0,0,0
189,2,FIXED,1/23/2018,16:11:28,1/23/2018,8:11:28,0,47.678176,N,-117.377676,W,567.039368,0.076724,291.01811,0,0,0
190,2,FIXED,1/23/2018,16:11:38,1/23/2018,8:11:38,0,47.678176,N,-117.377676,W,566.96875,0.008374,226.683323,0,0,0
191,2,FIXED,1/23/2018,16:11:48,1/23/2018,8:11:48,0,47.678176,N,-117.377676,W,566.899963,0.099157,17.938546,0,0,0
192,2,FIXED,1/23/2018,16:11:58,1/23/2018,8:11:58,0,47.678176,N,-117.377676,W,566.838257,0.045974,87.760207,0,0,0
193,2,FIXED,1/23/2018,16:12:08,1/23/2018,8:12:08,0,47.678176,N,-117.377676,W,566.74707,0.050654,112.856086,0,0,0
194,2,FIXED,1/23/2018,16:12:18,1/23/2018,8:12:18,0,47.678176,N,-117.377675,W,566.56897,0.06972,26.333248,0,0,0
195,2,FIXED,1/23/2018,16:12:28,1/23/2018,8:12:28,0,47.678176,N,-117.377675,W,566.401428,0.040949,92.147665,0,0,0
196,2,FIXED,1/23/2018,16:12:38,1/23/2018,8:12:38,0,47.678176,N,-117.377674,W,566.325195,0.006672,190.804121,0,0,0
197,2,FIXED,1/23/2018,16:12:48,1/23/2018,8:12:48,0,47.678176,N,-117.377674,W,566.227539,0.133623,189.675241,0,0,0
198,2,FIXED,1/23/2018,16:12:58,1/23/2018,8:12:58,0,47.678175,N,-117.377675,W,566.114441,0.019902,139.240235,0,0,0
199,2,FIXED,1/23/2018,16:13:08,1/23/2018,8:13:08,0,47.678175,N,-117.377674,W,565.954346,0.100691,97.960127,0,0,0
200,2,FIXED,1/23/2018,16:13:18,1/23/2018,8:13:18,0,47.678175,N,-117.377673,W,565.801086,0.025579,135.600903,0,0,0
201,2,FIXED,1/23/2018,16:13:28,1/23/2018,8:13:28,0,47.678175,N,-117.377673,W,565.716431,0.020534,86.71704,0,0,0
202,2,FIXED,1/23/2018,16:13:38,1/23/2018,8:13:38,0,47.678175,N,-117.377672,W,565.634399,0.017975,91.172196,0,0,0
203,2,FIXED,1/23/2018,16:13:48,1/23/2018,8:13:48,0,47.678175,N,-117.377672,W,565.56189,0.047989,76.728698,0,0,0
204,2,FIXED,1/23/2018,16:13:58,1/23/2018,8:13:58,0,47.678175,N,-117.377671,W,565.475281,0.07052,77.466084,0,0,0
205,2,FIXED,1/23/2018,16:14:08,1/23/2018,8:14:08,0,47.678175,N,-117.377671,W,565.41095,0.038602,276.622467,0,0,0
206,2,FIXED,1/23/2018,16:14:18,1/23/2018,8:14:18,0,47.678175,N,-117.377671,W,565.426025,0.047968,306.542153,0,0,0
207,2,FIXED,1/23/2018,16:14:28,1/23/2018,8:14:28,0,47.678175,N,-117.377672,W,565.408447,0.086343,256.987076,0,0,0
208,2,FIXED,1/23/2018,16:14:38,1/23/2018,8:14:38,0,47.678175,N,-117.377673,W,565.36438,0.036422,235.802694,0,0,0
209,2,FIXED,1/23/2018,16:14:48,1/23/2018,8:14:48,0,47.678175,N,-117.377673,W,565.313049,0.071844,162.325694,0,0,0
210,2,FIXED,1/23/2018,16:14:58,1/23/2018,8:14:58,0,47.678174,N,-117.377673,W,565.253662,0.066852,48.357871,0,0,0
211,2,FIXED,1/23/2018,16:15:08,1/23/2018,8:15:08,0,47.678208,N,-117.377616,W,564.678162,3.028341,65.683132,0,0,0
212,2,FIXED,1/23/2018,16:15:18,1/23/2018,8:15:18,0,47.678243,N,-117.377502,W,563.107422,3.61227,58.953115,0,0,0
213,2,FIXED,1/23/2018,16:15:28,1/23/2018,8:15:28,0,47.678287,N,-117.377393,W,561.163879,3.204628,90.646795,0,0,0
214,2,FIXED,1/23/2018,16:15:38,1/23/2018,8:15:38,0,47.678287,N,-117.377346,W,559.325256,0.094672,59.542226,0,0,0
215,2,FIXED,1/23/2018,16:15:48,1/23/2018,8:15:48,0,47.678293,N,-117.377331,W,559.350769,0.0811,80.850726,0,0,0
216,2,FIXED,1/23/2018,16:15:58,1/23/2018,8:15:58,0,47.678297,N,-117.377291,W,558.948547,0.172303,54.433463,0,0,0
217,2,FIXED,1/23/2018,16:16:08,1/23/2018,8:16:08,0,47.678327,N,-117.377231,W,558.385559,1.920444,61.41112,0,0,0
218,2,FIXED,1/23/2018,16:16:18,1/23/2018,8:16:18,0,47.678356,N,-117.377149,W,554.37085,4.688841,59.914557,0,0,0
219,2,FIXED,1/23/2018,16:16:28,1/23/2018,8:16:28,0,47.678407,N,-117.37702,W,554.411133,5.984289,65.157386,0,0,0
220,2,FIXED,1/23/2018,16:16:38,1/23/2018,8:16:38,0,47.678469,N,-117.37682,W,553.239624,3.888014,65.383594,0,0,0
221,2,FIXED,1/23/2018,16:16:48,1/23/2018,8:16:48,0,47.678493,N,-117.376744,W,553.868347,5.13686,60.681866,0,0,0
222,2,FIXED,1/23/2018,16:16:58,1/23/2018,8:16:58,0,47.678566,N,-117.376551,W,554.1922,5.722066,62.274642,0,0,0
223,2,FIXED,1/23/2018,16:17:08,1/23/2018,8:17:08,0,47.678637,N,-117.37635,W,555.063416,5.956779,58.557715,0,0,0
224,2,FIXED,1/23/2018,16:17:18,1/23/2018,8:17:18,0,47.67872,N,-117.376148,W,554.625366,6.481864,56.031027,0,0,0
225,2,FIXED,1/23/2018,16:17:28,1/23/2018,8:17:28,0,47.678813,N,-117.375942,W,555.775574,6.695576,67.234432,0,0,0
226,2,FIXED,1/23/2018,16:17:38,1/23/2018,8:17:38,0,47.678875,N,-117.375724,W,556.131714,6.666178,66.693638,0,0,0
227,2,FIXED,1/23/2018,16:17:48,1/23/2018,8:17:48,0,47.678934,N,-117.375519,W,555.408875,7.048402,72.067731,0,0,0
228,2,FIXED,1/23/2018,16:17:58,1/23/2018,8:17:58,0,47.678981,N,-117.375303,W,554.765442,6.646957,75.446137,0,0,0
229,2,FIXED,1/23/2018,16:18:08,1/23/2018,8:18:08,0,47.679024,N,-117.375059,W,557.635376,5.590819,70.437224,0,0,0
230,2,FIXED,1/23/2018,16:18:18,1/23/2018,8:18:18,0,47.679076,N,-117.374841,W,556.494263,6.622807,65.51994,0,0,0
231,2,FIXED,1/23/2018,16:18:28,1/23/2018,8:18:28,0,47.679144,N,-117.374621,W,557.352844,5.980454,65.515718,0,0,0
232,2,FIXED,1/23/2018,16:18:38,1/23/2018,8:18:38,0,47.679215,N,-117.374386,W,557.075867,5.962655,88.9495,0,0,0
233,2,FIXED,1/23/2018,16:18:48,1/23/2018,8:18:48,0,47.679217,N,-117.374244,W,556.195862,1.803516,67.573234,0,0,0
234,2,FIXED,1/23/2018,16:18:58,1/23/2018,8:18:58,0,47.679276,N,-117.374032,W,556.597046,6.325609,66.863318,0,0,0
235,2,FIXED,1/23/2018,16:19:08,1/23/2018,8:19:08,0,47.679339,N,-117.373815,W,556.654175,6.995251,71.666138,0,0,0
236,2,FIXED,1/23/2018,16:19:18,1/23/2018,8:19:18,0,47.679388,N,-117.373592,W,557.01532,7.69683,72.341154,0,0,0
237,2,FIXED,1/23/2018,16:19:28,1/23/2018,8:19:28,0,47.679437,N,-117.373367,W,554.508911,6.119565,63.46942,0,0,0
238,2,FIXED,1/23/2018,16:19:38,1/23/2018,8:19:38,0,47.679518,N,-117.373126,W,556.567383,7.288592,68.034519,0,0,0
239,2,FIXED,1/23/2018,16:19:48,1/23/2018,8:19:48,0,47.679583,N,-117.372885,W,558.148376,7.05385,71.147876,0,0,0
240,2,FIXED,1/23/2018,16:19:58,1/23/2018,8:19:58,0,47.679636,N,-117.372655,W,554.076721,5.812136,76.637009,0,0,0
241,2,FIXED,1/23/2018,16:20:08,1/23/2018,8:20:08,0,47.67967,N,-117.372442,W,552.721558,5.910722,69.98918,0,0,0
242,2,FIXED,1/23/2018,16:20:18,1/23/2018,8:20:18,0,47.679719,N,-117.372241,W,554.087341,4.606135,68.452873,0,0,0
243,2,FIXED,1/23/2018,16:20:28,1/23/2018,8:20:28,0,47.679745,N,-117.372145,W,555.128052,4.538963,68.877241,0,0,0
244,2,FIXED,1/23/2018,16:20:38,1/23/2018,8:20:38,0,47.679769,N,-117.372051,W,554.97876,6.732947,72.50104,0,0,0
245,2,FIXED,1/23/2018,16:20:48,1/23/2018,8:20:48,0,47.679814,N,-117.37184,W,557.069824,6.296347,69.574123,0,0,0
246,2,FIXED,1/23/2018,16:20:58,1/23/2018,8:20:58,0,47.679867,N,-117.37163,W,558.532227,2.841774,79.546814,0,0,0
247,2,FIXED,1/23/2018,16:21:08,1/23/2018,8:21:08,0,47.679886,N,-117.371477,W,561.273193,4.979599,76.930073,0,0,0
248,2,FIXED,1/23/2018,16:21:18,1/23/2018,8:21:18,0,47.679921,N,-117.371251,W,563.564026,5.350656,74.979432,0,0,0
249,2,FIXED,1/23/2018,16:21:28,1/23/2018,8:21:28,0,47.679963,N,-117.371019,W,563.687378,6.337468,85.72545,0,0,0
250,2,FIXED,1/23/2018,16:21:38,1/23/2018,8:21:38,0,47.679974,N,-117.370792,W,562.374512,6.330585,82.251201,0,0,0
251,2,FIXED,1/23/2018,16:21:48,1/23/2018,8:21:48,0,47.679996,N,-117.370553,W,563.220703,6.659149,84.557644,0,0,0
252,2,FIXED,1/23/2018,16:21:58,1/23/2018,8:21:58,0,47.680013,N,-117.370293,W,564.596375,6.670847,92.208136,0,0,0
253,2,FIXED,1/23/2018,16:22:08,1/23/2018,8:22:08,0,47.680006,N,-117.37005,W,564.304626,6.758033,89.631098,0,0,0
254,2,FIXED,1/23/2018,16:22:18,1/23/2018,8:22:18,0,47.680008,N,-117.3698,W,565.042603,7.493191,84.655425,0,0,0
255,2,FIXED,1/23/2018,16:22:28,1/23/2018,8:22:28,0,47.680023,N,-117.369552,W,566.391724,6.482428,93.783854,0,0,0
256,2,FIXED,1/23/2018,16:22:38,1/23/2018,8:22:38,0,47.680012,N,-117.369308,W,565.873352,5.877079,87.887123,0,0,0
257,2,FIXED,1/23/2018,16:22:48,1/23/2018,8:22:48,0,47.680017,N,-117.369115,W,564.731384,6.117214,90.21434,0,0,0
258,2,FIXED,1/23/2018,16:22:58,1/23/2018,8:22:58,0,47.680016,N,-117.368855,W,565.133972,6.442194,84.2805,0,0,0
259,2,FIXED,1/23/2018,16:23:08,1/23/2018,8:23:08,0,47.680031,N,-117.368645,W,562.721924,4.96884,58.529625,0,0,0
260,2,FIXED,1/23/2018,16:23:18,1/23/2018,8:23:18,0,47.680116,N,-117.368438,W,562.552429,5.871973,37.715181,0,0,0
261,2,FIXED,1/23/2018,16:23:28,1/23/2018,8:23:28,0,47.68022,N,-117.368319,W,562.953796,5.918395,3.114735,0,0,0
262,2,FIXED,1/23/2018,16:23:38,1/23/2018,8:23:38,0,47.68036,N,-117.368308,W,563.024963,5.168741,1.664613,0,0,0
263,2,FIXED,1/23/2018,16:23:48,1/23/2018,8:23:48,0,47.68051,N,-117.368301,W,564.174194,5.466656,355.785699,0,0,0
264,2,FIXED,1/23/2018,16:23:58,1/23/2018,8:23:58,0,47.68065,N,-117.368316,W,566.003479,5.866996,1.111985,0,0,0
265,2,FIXED,1/23/2018,16:24:08,1/23/2018,8:24:08,0,47.680789,N,-117.368312,W,566.475952,4.560267,3.325283,0,0,0
266,2,FIXED,1/23/2018,16:24:18,1/23/2018,8:24:18,0,47.680926,N,-117.368301,W,566.825806,5.441735,300.893379,0,0,0
267,2,FIXED,1/23/2018,16:24:28,1/23/2018,8:24:28,0,47.680976,N,-117.368425,W,568.137817,6.731452,300.893379,0,0,0
268,3,FIXED,1/24/2018,0:36:28,1/23/2018,16:36:28,0,47.672522,N,-117.359668,W,152.842667,2.726721,53.624499,0,0,0
269,3,FIXED,1/24/2018,0:36:38,1/23/2018,16:36:38,0,47.672592,N,-117.359527,W,150.215851,1.915235,25.293982,0,0,0
270,3,FIXED,1/24/2018,0:36:48,1/23/2018,16:36:48,0,47.674214,N,-117.358389,W,522.041626,2.508023,235.521617,0,0,0
271,3,FIXED,1/24/2018,0:36:58,1/23/2018,16:36:58,0,47.674118,N,-117.358597,W,524.429565,1.583674,232.523902,0,0,0
272,3,FIXED,1/24/2018,0:37:08,1/23/2018,16:37:08,0,47.674043,N,-117.358742,W,528.054565,1.752528,239.522076,0,0,0
273,3,FIXED,1/24/2018,0:37:18,1/23/2018,16:37:18,0,47.674008,N,-117.35883,W,531.525146,1.154045,232.26719,0,0,0
274,3,FIXED,1/24/2018,0:37:28,1/23/2018,16:37:28,0,47.673954,N,-117.358933,W,535.406128,1.570497,78.496313,0,0,0
275,3,FIXED,1/24/2018,0:37:38,1/23/2018,16:37:38,0,47.673961,N,-117.358881,W,538.118835,1.110027,56.930283,0,0,0
276,3,FIXED,1/24/2018,0:37:48,1/23/2018,16:37:48,0,47.674009,N,-117.358772,W,543.500793,0.89454,79.933084,0,0,0
277,3,FIXED,1/24/2018,0:37:58,1/23/2018,16:37:58,0,47.67401,N,-117.358763,W,543.644958,0.805523,74.589735,0,0,0
278,3,FIXED,1/24/2018,0:38:08,1/23/2018,16:38:08,0,47.674014,N,-117.358744,W,543.800964,0.408333,314.492717,0,0,0
279,3,FIXED,1/24/2018,0:38:18,1/23/2018,16:38:18,0,47.674023,N,-117.358758,W,543.880737,0.509776,2.806731,0,0,0
280,3,FIXED,1/24/2018,0:38:28,1/23/2018,16:38:28,0,47.674034,N,-117.358757,W,543.940002,0.131905,188.630675,0,0,0
281,3,FIXED,1/24/2018,0:38:38,1/23/2018,16:38:38,0,47.674029,N,-117.358759,W,543.960083,0.565519,246.138516,0,0,0
282,3,FIXED,1/24/2018,0:38:48,1/23/2018,16:38:48,0,47.674025,N,-117.358771,W,543.974182,1.094682,42.915354,0,0,0
283,3,FIXED,1/24/2018,0:38:58,1/23/2018,16:38:58,0,47.674066,N,-117.358714,W,542.13623,0.36133,56.436727,0,0,0
284,3,FIXED,1/24/2018,0:39:08,1/23/2018,16:39:08,0,47.67409,N,-117.358661,W,539.959595,0.870651,44.786432,0,0,0
285,3,FIXED,1/24/2018,0:39:18,1/23/2018,16:39:18,0,47.674102,N,-117.358644,W,539.596802,0.755122,9.486186,0,0,0
286,3,FIXED,1/24/2018,0:39:28,1/23/2018,16:39:28,0,47.674137,N,-117.358635,W,538.45929,1.102735,315.903636,0,0,0
287,3,FIXED,1/24/2018,0:39:38,1/23/2018,16:39:38,0,47.674165,N,-117.358676,W,537.926086,0.406349,308.704353,0,0,0
288,3,FIXED,1/24/2018,0:39:48,1/23/2018,16:39:48,0,47.674175,N,-117.358696,W,537.573364,1.10772,249.513437,0,0,0
289,3,FIXED,1/24/2018,0:39:58,1/23/2018,16:39:58,0,47.674168,N,-117.358725,W,537.516418,0.658433,225.176381,0,0,0
290,3,FIXED,1/24/2018,0:40:08,1/23/2018,16:40:08,0,47.674161,N,-117.358735,W,537.307495,0.808656,172.086026,0,0,0
291,3,FIXED,1/24/2018,0:40:18,1/23/2018,16:40:18,0,47.674141,N,-117.35873,W,537.14679,0.687609,152.853797,0,0,0
292,3,FIXED,1/24/2018,0:40:28,1/23/2018,16:40:28,0,47.674128,N,-117.35872,W,536.968933,0.485955,172.084033,0,0,0
293,3,FIXED,1/24/2018,0:40:38,1/23/2018,16:40:38,0,47.67412,N,-117.358719,W,536.871887,0.0425,174.350894,0,0,0
294,3,FIXED,1/24/2018,0:40:48,1/23/2018,16:40:48,0,47.674111,N,-117.358717,W,536.861328,0.477735,140.463565,0,0,0
295,3,FIXED,1/24/2018,0:40:58,1/23/2018,16:40:58,0,47.674104,N,-117.358709,W,536.779541,0.292861,61.277745,0,0,0
296,3,FIXED,1/24/2018,0:41:08,1/23/2018,16:41:08,0,47.67411,N,-117.358691,W,536.606323,0.62068,338.529916,0,0,0
297,3,FIXED,1/24/2018,0:41:18,1/23/2018,16:41:18,0,47.674113,N,-117.358692,W,536.491577,0.125729,227.445167,0,0,0
298,3,FIXED,1/24/2018,0:41:28,1/23/2018,16:41:28,0,47.67411,N,-117.358697,W,536.529236,0.09327,250.573759,0,0,0
299,3,FIXED,1/24/2018,0:41:38,1/23/2018,16:41:38,0,47.674108,N,-117.358704,W,536.72052,0.290795,150.910954,0,0,0
300,3,FIXED,1/24/2018,0:41:48,1/23/2018,16:41:48,0,47.674102,N,-117.3587,W,537.230652,0.231136,88.304033,0,0,0
301,3,FIXED,1/24/2018,0:41:58,1/23/2018,16:41:58,0,47.674103,N,-117.358683,W,538.101501,0.557232,157.149901,0,0,0
302,3,FIXED,1/24/2018,0:42:08,1/23/2018,16:42:08,0,47.674086,N,-117.358673,W,539.616272,1.189085,183.041276,0,0,0
303,3,FIXED,1/24/2018,0:42:18,1/23/2018,16:42:18,0,47.67405,N,-117.358676,W,547.146606,0.755711,140.536323,0,0,0
304,3,FIXED,1/24/2018,0:42:28,1/23/2018,16:42:28,0,47.67404,N,-117.358664,W,549.728333,0.528569,39.903676,0,0,0
305,3,FIXED,1/24/2018,0:42:38,1/23/2018,16:42:38,0,47.674062,N,-117.358637,W,553.120483,0.740762,342.634787,0,0,0
306,3,FIXED,1/24/2018,0:42:48,1/23/2018,16:42:48,0,47.674115,N,-117.358662,W,556.832336,0.918219,325.891759,0,0,0
307,3,FIXED,1/24/2018,0:42:58,1/23/2018,16:42:58,0,47.674196,N,-117.358743,W,559.582336,1.084649,340.104615,0,0,0
308,3,FIXED,1/24/2018,0:43:08,1/23/2018,16:43:08,0,47.674255,N,-117.358775,W,561.230713,0.810173,206.478665,0,0,0
309,3,FIXED,1/24/2018,0:43:18,1/23/2018,16:43:18,0,47.674215,N,-117.358805,W,561.777527,0.538414,201.118202,0,0,0
310,3,FIXED,1/24/2018,0:43:28,1/23/2018,16:43:28,0,47.674206,N,-117.35881,W,563.609375,0.6157,215.091465,0,0,0
311,3,FIXED,1/24/2018,0:43:38,1/23/2018,16:43:38,0,47.674192,N,-117.358825,W,565.688782,0.891356,227.819214,0,0,0
312,3,FIXED,1/24/2018,0:43:48,1/23/2018,16:43:48,0,47.674137,N,-117.358914,W,567.116699,1.400326,227.215165,0,0,0
313,3,FIXED,1/24/2018,0:43:58,1/23/2018,16:43:58,0,47.674095,N,-117.358981,W,567.312866,1.257413,254.697972,0,0,0
314,3,FIXED,1/24/2018,0:44:08,1/23/2018,16:44:08,0,47.674086,N,-117.359029,W,567.435059,0.854996,261.484925,0,0,0
315,3,FIXED,1/24/2018,0:44:18,1/23/2018,16:44:18,0,47.674079,N,-117.359098,W,568.220276,1.300581,330.806089,0,0,0
316,3,FIXED,1/24/2018,0:44:28,1/23/2018,16:44:28,0,47.674097,N,-117.359113,W,568.668518,0.535839,233.361846,0,0,0
317,3,FIXED,1/24/2018,0:44:38,1/23/2018,16:44:38,0,47.674089,N,-117.359129,W,569.859009,0.746294,214.025914,0,0,0
318,3,FIXED,1/24/2018,0:44:48,1/23/2018,16:44:48,0,47.674061,N,-117.359157,W,570.904846,1.313426,202.07332,0,0,0
319,3,FIXED,1/24/2018,0:44:58,1/23/2018,16:44:58,0,47.673939,N,-117.359231,W,571.448059,1.875769,222.200565,0,0,0
320,3,FIXED,1/24/2018,0:45:08,1/23/2018,16:45:08,0,47.673845,N,-117.359357,W,571.70636,3.354877,209.147902,0,0,0
321,3,FIXED,1/24/2018,0:45:18,1/23/2018,16:45:18,0,47.673843,N,-117.359359,W,572.477417,1.098364,65.80225,0,0,0
322,3,FIXED,1/24/2018,0:45:28,1/23/2018,16:45:28,0,47.673862,N,-117.359295,W,573.402771,0.820017,53.973719,0,0,0
323,3,FIXED,1/24/2018,0:45:38,1/23/2018,16:45:38,0,47.673925,N,-117.359167,W,573.902283,1.456144,51.148388,0,0,0
324,3,FIXED,1/24/2018,0:45:48,1/23/2018,16:45:48,0,47.67402,N,-117.358993,W,573.875122,1.601542,47.249095,0,0,0
325,3,FIXED,1/24/2018,0:45:58,1/23/2018,16:45:58,0,47.674101,N,-117.358861,W,572.974365,1.584344,112.912832,0,0,0
326,3,FIXED,1/24/2018,0:46:08,1/23/2018,16:46:08,0,47.674098,N,-117.35885,W,569.531433,0.542954,54.317388,0,0,0
327,3,FIXED,1/24/2018,0:46:18,1/23/2018,16:46:18,0,47.674105,N,-117.358835,W,569.471069,0.223094,90.342916,0,0,0
328,3,FIXED,1/24/2018,0:46:28,1/23/2018,16:46:28,0,47.674105,N,-117.358813,W,568.785645,0.837978,129.318862,0,0,0
329,3,FIXED,1/24/2018,0:46:38,1/23/2018,16:46:38,0,47.674096,N,-117.358796,W,567.726807,0.486153,115.421228,0,0,0
330,3,FIXED,1/24/2018,0:46:48,1/23/2018,16:46:48,0,47.674085,N,-117.358761,W,565.642395,0.897628,134.939521,0,0,0
331,3,FIXED,1/24/2018,0:46:58,1/23/2018,16:46:58,0,47.67407,N,-117.358739,W,564.056946,0.993993,144.524064,0,0,0
332,3,FIXED,1/24/2018,0:47:08,1/23/2018,16:47:08,0,47.674048,N,-117.358715,W,562.917419,0.773299,49.630895,0,0,0
333,3,FIXED,1/24/2018,0:47:18,1/23/2018,16:47:18,0,47.674079,N,-117.35866,W,560.362793,1.390011,38.649545,0,0,0
334,3,FIXED,1/24/2018,0:47:28,1/23/2018,16:47:28,0,47.674153,N,-117.358572,W,553.71283,1.123975,16.265232,0,0,0
335,3,FIXED,1/24/2018,0:47:38,1/23/2018,16:47:38,0,47.674168,N,-117.358566,W,550.442261,0.859719,182.521247,0,0,0
336,3,FIXED,1/24/2018,0:47:48,1/23/2018,16:47:48,0,47.674167,N,-117.358566,W,547.382507,0.101523,293.092469,0,0,0
337,3,FIXED,1/24/2018,0:47:58,1/23/2018,16:47:58,0,47.67417,N,-117.358576,W,544.414795,0.443028,301.445023,0,0,0
338,3,FIXED,1/24/2018,0:48:08,1/23/2018,16:48:08,0,47.674172,N,-117.358581,W,541.412415,0.420888,137.677734,0,0,0
339,3,FIXED,1/24/2018,0:48:18,1/23/2018,16:48:18,0,47.674164,N,-117.358571,W,538.71936,0.85271,125.238602,0,0,0
340,3,FIXED,1/24/2018,0:48:28,1/23/2018,16:48:28,0,47.674156,N,-117.358553,W,536.394714,0.517896,218.558022,0,0,0
341,3,FIXED,1/24/2018,0:48:38,1/23/2018,16:48:38,0,47.674135,N,-117.358578,W,534.888489,1.260202,257.302054,0,0,0
342,3,FIXED,1/24/2018,0:48:48,1/23/2018,16:48:48,0,47.674121,N,-117.358667,W,534.948181,1.149158,270.518641,0,0,0
343,3,FIXED,1/24/2018,0:48:58,1/23/2018,16:48:58,0,47.674121,N,-117.358701,W,534.232178,0.917717,240.17842,0,0,0
344,3,FIXED,1/24/2018,0:49:08,1/23/2018,16:49:08,0,47.67411,N,-117.358731,W,533.275696,0.8841,241.760413,0,0,0
345,3,FIXED,1/24/2018,0:49:18,1/23/2018,16:49:18,0,47.674108,N,-117.358734,W,532.724731,0.739772,59.701965,0,0,0
346,3,FIXED,1/24/2018,0:49:28,1/23/2018,16:49:28,0,47.674169,N,-117.358581,W,535.074524,2.252015,84.063026,0,0,0
347,3,FIXED,1/24/2018,0:49:38,1/23/2018,16:49:38,0,47.674174,N,-117.35851,W,538.427979,0.38034,137.827791,0,0,0
348,3,FIXED,1/24/2018,0:49:48,1/23/2018,16:49:48,0,47.674171,N,-117.358506,W,538.788757,0.106875,211.954733,0,0,0
349,3,FIXED,1/24/2018,0:49:58,1/23/2018,16:49:58,0,47.674137,N,-117.358537,W,540.834778,1.453682,225.722049,0,0,0
350,3,FIXED,1/24/2018,0:50:08,1/23/2018,16:50:08,0,47.673995,N,-117.358754,W,547.780029,2.751959,225.111826,0,0,0
351,3,FIXED,1/24/2018,0:50:18,1/23/2018,16:50:18,0,47.673921,N,-117.358865,W,553.22998,1.719519,345.674913,0,0,0
352,3,FIXED,1/24/2018,0:50:28,1/23/2018,16:50:28,0,47.673969,N,-117.358883,W,557.581848,0.941327,6.529336,0,0,0
353,3,FIXED,1/24/2018,0:50:38,1/23/2018,16:50:38,0,47.673996,N,-117.358879,W,558.931274,0.68647,24.068868,0,0,0
354,3,FIXED,1/24/2018,0:50:48,1/23/2018,16:50:48,0,47.674043,N,-117.358847,W,559.117004,1.080286,18.880332,0,0,0
355,3,FIXED,1/24/2018,0:50:58,1/23/2018,16:50:58,0,47.674071,N,-117.358834,W,558.679871,0.587214,305.790077,0,0,0
356,3,FIXED,1/24/2018,0:51:08,1/23/2018,16:51:08,0,47.674074,N,-117.358841,W,559.625244,0.834125,237.927206,0,0,0
357,3,FIXED,1/24/2018,0:51:18,1/23/2018,16:51:18,0,47.674053,N,-117.358893,W,560.534424,1.285287,257.056732,0,0,0
358,3,FIXED,1/24/2018,0:51:28,1/23/2018,16:51:28,0,47.674049,N,-117.358918,W,561.097839,0.939902,241.332659,0,0,0
359,3,FIXED,1/24/2018,0:51:38,1/23/2018,16:51:38,0,47.67404,N,-117.358941,W,561.844482,0.798326,230.419125,0,0,0
360,3,FIXED,1/24/2018,0:51:48,1/23/2018,16:51:48,0,47.674031,N,-117.358958,W,562.585754,0.905972,208.396227,0,0,0
361,3,FIXED,1/24/2018,0:51:58,1/23/2018,16:51:58,0,47.674008,N,-117.358976,W,562.98761,0.883437,60.534764,0,0,0
362,3,FIXED,1/24/2018,0:52:08,1/23/2018,16:52:08,0,47.674029,N,-117.35892,W,563.549255,0.843215,31.877693,0,0,0
363,3,FIXED,1/24/2018,0:52:18,1/23/2018,16:52:18,0,47.674155,N,-117.358804,W,566.60968,1.225758,43.970653,0,0,0
364,3,FIXED,1/24/2018,0:52:28,1/23/2018,16:52:28,0,47.674197,N,-117.358744,W,567.885864,1.322581,40.902611,0,0,0
365,3,FIXED,1/24/2018,0:52:38,1/23/2018,16:52:38,0,47.674231,N,-117.358701,W,568.378357,1.245211,46.018954,0,0,0
366,3,FIXED,1/24/2018,0:52:48,1/23/2018,16:52:48,0,47.674344,N,-117.358526,W,568.941223,1.833106,247.719479,0,0,0
367,3,FIXED,1/24/2018,0:52:58,1/23/2018,16:52:58,0,47.674323,N,-117.358603,W,570.24823,1.521218,41.189642,0,0,0
368,3,FIXED,1/24/2018,0:53:08,1/23/2018,16:53:08,0,47.67442,N,-117.358476,W,571.127197,1.075865,268.429295,0,0,0
369,3,FIXED,1/24/2018,0:53:18,1/23/2018,16:53:18,0,47.67442,N,-117.358511,W,571.862549,0.604649,300.104216,0,0,0
370,3,FIXED,1/24/2018,0:53:28,1/23/2018,16:53:28,0,47.674427,N,-117.35853,W,572.481201,1.179518,230.326126,0,0,0
371,3,FIXED,1/24/2018,0:53:38,1/23/2018,16:53:38,0,47.674366,N,-117.35864,W,572.715576,1.255406,231.327041,0,0,0
372,3,FIXED,1/24/2018,0:53:48,1/23/2018,16:53:48,0,47.674289,N,-117.358783,W,572.088684,1.836293,212.209318,0,0,0
373,3,FIXED,1/24/2018,0:53:58,1/23/2018,16:53:58,0,47.674252,N,-117.358818,W,571.35437,1.191121,102.31419,0,0,0
374,3,FIXED,1/24/2018,0:54:08,1/23/2018,16:54:08,0,47.67425,N,-117.358803,W,570.971436,0.397664,60.465443,0,0,0
375,3,FIXED,1/24/2018,0:54:18,1/23/2018,16:54:18,0,47.674253,N,-117.358795,W,570.917969,0.49608,44.228541,0,0,0
376,3,FIXED,1/24/2018,0:54:28,1/23/2018,16:54:28,0,47.674261,N,-117.358783,W,570.89624,0.470811,7.406603,0,0,0
377,3,FIXED,1/24/2018,0:54:38,1/23/2018,16:54:38,0,47.674267,N,-117.358782,W,570.907715,0.328323,241.0847,0,0,0
378,3,FIXED,1/24/2018,0:54:48,1/23/2018,16:54:48,0,47.674228,N,-117.358886,W,570.035156,2.005932,45.900133,0,0,0
379,3,FIXED,1/24/2018,0:54:58,1/23/2018,16:54:58,0,47.674246,N,-117.358858,W,568.550354,0.620112,136.766892,0,0,0
380,3,FIXED,1/24/2018,0:55:08,1/23/2018,16:55:08,0,47.674236,N,-117.358843,W,568.260803,1.052803,88.693497,0,0,0
381,3,FIXED,1/24/2018,0:55:18,1/23/2018,16:55:18,0,47.674236,N,-117.358803,W,567.789734,1.215667,340.709445,0,0,0
382,3,FIXED,1/24/2018,0:55:28,1/23/2018,16:55:28,0,47.674255,N,-117.358812,W,566.902649,0.289534,333.716276,0,0,0
383,3,FIXED,1/24/2018,0:55:38,1/23/2018,16:55:38,0,47.674256,N,-117.358813,W,566.57251,0.754768,253.562805,0,0,0
384,3,FIXED,1/24/2018,0:55:48,1/23/2018,16:55:48,0,47.674244,N,-117.358873,W,568.412903,1.283614,268.371152,0,0,0
385,3,FIXED,1/24/2018,0:55:58,1/23/2018,16:55:58,0,47.674243,N,-117.358937,W,569.845154,1.051902,100.812009,0,0,0
386,3,FIXED,1/24/2018,0:56:08,1/23/2018,16:56:08,0,47.674241,N,-117.358919,W,569.664673,0.318028,336.637294,0,0,0
387,3,FIXED,1/24/2018,0:56:18,1/23/2018,16:56:18,0,47.674249,N,-117.358924,W,569.902527,0.707547,42.266065,0,0,0
388,3,FIXED,1/24/2018,0:56:28,1/23/2018,16:56:28,0,47.674297,N,-117.358859,W,569.314697,1.387251,60.682064,0,0,0
389,3,FIXED,1/24/2018,0:56:38,1/23/2018,16:56:38,0,47.674326,N,-117.358783,W,568.955811,1.06285,46.080057,0,0,0
390,3,FIXED,1/24/2018,0:56:48,1/23/2018,16:56:48,0,47.674392,N,-117.358681,W,567.664856,1.715827,76.59644,0,0,0
391,3,FIXED,1/24/2018,0:56:58,1/23/2018,16:56:58,0,47.674396,N,-117.358654,W,567.650513,0.500315,350.907657,0,0,0
392,3,FIXED,1/24/2018,0:57:08,1/23/2018,16:57:08,0,47.674412,N,-117.358658,W,567.709045,0.82001,343.997403,0,0,0
393,3,FIXED,1/24/2018,0:57:18,1/23/2018,16:57:18,0,47.674429,N,-117.358665,W,567.874268,0.768094,306.618358,0,0,0
394,3,FIXED,1/24/2018,0:57:28,1/23/2018,16:57:28,0,47.674437,N,-117.358682,W,568.400574,0.699314,349.075017,0,0,0
395,3,FIXED,1/24/2018,0:57:38,1/23/2018,16:57:38,0,47.674454,N,-117.358686,W,569.263428,0.852818,65.604692,0,0,0
396,3,FIXED,1/24/2018,0:57:48,1/23/2018,16:57:48,0,47.674482,N,-117.358595,W,571.759644,1.162513,98.135633,0,0,0
397,3,FIXED,1/24/2018,0:57:58,1/23/2018,16:57:58,0,47.674481,N,-117.358591,W,572.708191,0.294276,243.791468,0,0,0
398,3,FIXED,1/24/2018,0:58:08,1/23/2018,16:58:08,0,47.674479,N,-117.358597,W,573.887695,0.45577,211.252297,0,0,0
399,3,FIXED,1/24/2018,0:58:18,1/23/2018,16:58:18,0,47.674467,N,-117.358608,W,575.115967,0.541545,227.89623,0,0,0
400,3,FIXED,1/24/2018,0:58:28,1/23/2018,16:58:28,0,47.674449,N,-117.358636,W,576.314941,1.087837,229.02582,0,0,0
401,3,FIXED,1/24/2018,0:58:38,1/23/2018,16:58:38,0,47.674345,N,-117.358815,W,577.114746,1.307769,308.181978,0,0,0
402,3,FIXED,1/24/2018,0:58:48,1/23/2018,16:58:48,0,47.674347,N,-117.358818,W,577.449036,0.293577,336.268909,0,0,0
403,3,FIXED,1/24/2018,0:58:58,1/23/2018,16:58:58,0,47.674354,N,-117.358823,W,578.099915,0.506853,335.436267,0,0,0
404,3,FIXED,1/24/2018,0:59:08,1/23/2018,16:59:08,0,47.674369,N,-117.358833,W,578.468506,0.736448,311.034728,0,0,0
405,3,FIXED,1/24/2018,0:59:18,1/23/2018,16:59:18,0,47.674399,N,-117.358886,W,575.954834,1.09537,235.892607,0,0,0
406,3,FIXED,1/24/2018,0:59:28,1/23/2018,16:59:28,0,47.674387,N,-117.358914,W,574.184265,0.946191,286.466481,0,0,0
407,3,FIXED,1/24/2018,0:59:38,1/23/2018,16:59:38,0,47.674389,N,-117.358927,W,573.736572,0.37761,97.25755,0,0,0
408,3,FIXED,1/24/2018,0:59:48,1/23/2018,16:59:48,0,47.674388,N,-117.358914,W,573.491882,0.292859,182.731574,0,0,0
409,3,FIXED,1/24/2018,0:59:58,1/23/2018,16:59:58,0,47.674386,N,-117.358914,W,573.344482,0.212407,229.238784,0,0,0
410,3,FIXED,1/24/2018,1:00:08,1/23/2018,17:00:08,0,47.674386,N,-117.358915,W,573.274658,0.041995,74.431349,0,0,0
411,3,FIXED,1/24/2018,1:00:18,1/23/2018,17:00:18,0,47.674386,N,-117.358914,W,573.238525,0.080274,191.581384,0,0,0
412,3,FIXED,1/24/2018,1:00:28,1/23/2018,17:00:28,0,47.674385,N,-117.358914,W,573.190491,0.058684,151.136418,0,0,0
413,3,FIXED,1/24/2018,1:00:38,1/23/2018,17:00:38,0,47.674384,N,-117.358913,W,573.112183,0.07154,200.733236,0,0,0
414,3,FIXED,1/24/2018,1:00:48,1/23/2018,17:00:48,0,47.674382,N,-117.358914,W,573.099731,0.124815,183.069697,0,0,0
415,3,FIXED,1/24/2018,1:00:58,1/23/2018,17:00:58,0,47.674381,N,-117.358914,W,573.084229,0.063809,110.786608,0,0,0
416,3,FIXED,1/24/2018,1:01:08,1/23/2018,17:01:08,0,47.674381,N,-117.358912,W,573.029053,0.136192,88.046409,0,0,0
417,3,FIXED,1/24/2018,1:01:18,1/23/2018,17:01:18,0,47.674381,N,-117.358909,W,572.992371,0.066122,102.302061,0,0,0
418,3,FIXED,1/24/2018,1:01:28,1/23/2018,17:01:28,0,47.67438,N,-117.358907,W,572.951416,0.203407,103.276053,0,0,0
419,3,FIXED,1/24/2018,1:01:38,1/23/2018,17:01:38,0,47.67438,N,-117.358904,W,572.879456,0.04988,106.409518,0,0,0
420,3,FIXED,1/24/2018,1:01:48,1/23/2018,17:01:48,0,47.674378,N,-117.358894,W,572.712463,0.118297,80.028839,0,0,0
421,3,FIXED,1/24/2018,1:01:58,1/23/2018,17:01:58,0,47.67438,N,-117.358881,W,572.529236,0.041097,111.09728,0,0,0
422,3,FIXED,1/24/2018,1:02:08,1/23/2018,17:02:08,0,47.674379,N,-117.358879,W,572.4375,0.134047,98.555316,0,0,0
423,3,FIXED,1/24/2018,1:02:18,1/23/2018,17:02:18,0,47.674379,N,-117.358875,W,572.214722,0.213261,114.430582,0,0,0
424,3,FIXED,1/24/2018,1:02:28,1/23/2018,17:02:28,0,47.674377,N,-117.358871,W,572.050476,0.139495,131.661919,0,0,0
425,3,FIXED,1/24/2018,1:02:38,1/23/2018,17:02:38,0,47.674376,N,-117.358869,W,571.945068,0.139482,121.969329,0,0,0
426,3,FIXED,1/24/2018,1:02:48,1/23/2018,17:02:48,0,47.674375,N,-117.358866,W,571.885864,0.216164,153.770404,0,0,0
427,3,FIXED,1/24/2018,1:02:58,1/23/2018,17:02:58,0,47.674373,N,-117.358865,W,571.797058,0.169998,180.689091,0,0,0
428,3,FIXED,1/24/2018,1:03:08,1/23/2018,17:03:08,0,47.674372,N,-117.358865,W,571.686646,0.103026,104.834384,0,0,0
429,3,FIXED,1/24/2018,1:03:18,1/23/2018,17:03:18,0,47.674371,N,-117.358863,W,571.509827,0.049714,158.990255,0,0,0
430,3,FIXED,1/24/2018,1:03:28,1/23/2018,17:03:28,0,47.67437,N,-117.358862,W,571.344421,0.140181,151.195918,0,0,0
431,3,FIXED,1/24/2018,1:03:38,1/23/2018,17:03:38,0,47.674368,N,-117.35886,W,571.161072,0.290511,130.126385,0,0,0
432,3,FIXED,1/24/2018,1:03:48,1/23/2018,17:03:48,0,47.674366,N,-117.358858,W,570.990356,0.091017,105.100252,0,0,0
433,3,FIXED,1/24/2018,1:03:58,1/23/2018,17:03:58,0,47.674366,N,-117.358855,W,570.793152,0.032744,78.319513,0,0,0
434,3,FIXED,1/24/2018,1:04:08,1/23/2018,17:04:08,0,47.674366,N,-117.358852,W,570.698364,0.080117,151.21649,0,0,0
435,3,FIXED,1/24/2018,1:04:18,1/23/2018,17:04:18,0,47.674365,N,-117.358852,W,570.734497,0.156655,194.049787,0,0,0
436,3,FIXED,1/24/2018,1:04:28,1/23/2018,17:04:28,0,47.674363,N,-117.358852,W,570.75531,0.119644,239.598038,0,0,0
437,3,FIXED,1/24/2018,1:04:38,1/23/2018,17:04:38,0,47.674362,N,-117.358855,W,570.785034,0.194911,208.136185,0,0,0
438,3,FIXED,1/24/2018,1:04:48,1/23/2018,17:04:48,0,47.674362,N,-117.358855,W,570.747803,0.080854,173.477374,0,0,0
439,3,FIXED,1/24/2018,1:04:58,1/23/2018,17:04:58,0,47.67436,N,-117.358855,W,570.706909,0.102165,153.292831,0,0,0
440,3,FIXED,1/24/2018,1:05:08,1/23/2018,17:05:08,0,47.674358,N,-117.358853,W,570.625366,0.121307,155.842718,0,0,0
441,3,FIXED,1/24/2018,1:05:18,1/23/2018,17:05:18,0,47.674355,N,-117.358851,W,570.558777,0.079135,116.343324,0,0,0
442,3,FIXED,1/24/2018,1:05:28,1/23/2018,17:05:28,0,47.674354,N,-117.358848,W,570.549133,0.181048,160.56607,0,0,0
443,3,FIXED,1/24/2018,1:05:38,1/23/2018,17:05:38,0,47.674352,N,-117.358847,W,570.484924,0.224693,150.538411,0,0,0
444,3,FIXED,1/24/2018,1:05:48,1/23/2018,17:05:48,0,47.67435,N,-117.358845,W,570.418213,0.075867,162.002794,0,0,0
445,3,FIXED,1/24/2018,1:05:58,1/23/2018,17:05:58,0,47.674348,N,-117.358844,W,570.288513,0.20638,197.263671,0,0,0
446,3,FIXED,1/24/2018,1:06:08,1/23/2018,17:06:08,0,47.674345,N,-117.358845,W,570.186646,0.169465,154.643069,0,0,0
447,3,FIXED,1/24/2018,1:06:18,1/23/2018,17:06:18,0,47.674344,N,-117.358844,W,570.123413,0.181796,136.167537,0,0,0
448,3,FIXED,1/24/2018,1:06:28,1/23/2018,17:06:28,0,47.674342,N,-117.358842,W,570.133362,0.201789,145.79419,0,0,0
449,3,FIXED,1/24/2018,1:06:38,1/23/2018,17:06:38,0,47.67434,N,-117.35884,W,570.017639,0.225463,122.431116,0,0,0
450,3,FIXED,1/24/2018,1:06:48,1/23/2018,17:06:48,0,47.674339,N,-117.358838,W,569.968933,0.052895,192.617682,0,0,0
451,3,FIXED,1/24/2018,1:06:58,1/23/2018,17:06:58,0,47.674338,N,-117.358839,W,569.905273,0.089392,121.024659,0,0,0
452,3,FIXED,1/24/2018,1:07:08,1/23/2018,17:07:08,0,47.674337,N,-117.358837,W,569.765991,0.080864,188.344148,0,0,0
453,3,FIXED,1/24/2018,1:07:18,1/23/2018,17:07:18,0,47.674336,N,-117.358837,W,569.667786,0.169085,106.966663,0,0,0
454,3,FIXED,1/24/2018,1:07:28,1/23/2018,17:07:28,0,47.674336,N,-117.358836,W,569.502136,0.044435,222.006932,0,0,0
455,3,FIXED,1/24/2018,1:07:38,1/23/2018,17:07:38,0,47.674335,N,-117.358838,W,569.383362,0.11084,154.553817,0,0,0
456,3,FIXED,1/24/2018,1:07:48,1/23/2018,17:07:48,0,47.674334,N,-117.358837,W,569.308289,0.19463,94.359187,0,0,0
457,3,FIXED,1/24/2018,1:07:58,1/23/2018,17:07:58,0,47.674334,N,-117.358832,W,569.266357,0.335117,131.423593,0,0,0
458,3,FIXED,1/24/2018,1:08:08,1/23/2018,17:08:08,0,47.674332,N,-117.35883,W,569.290588,0.12706,94.733258,0,0,0
459,3,FIXED,1/24/2018,1:08:18,1/23/2018,17:08:18,0,47.674332,N,-117.358828,W,569.265442,0.121573,90.881593,0,0,0
460,3,FIXED,1/24/2018,1:08:28,1/23/2018,17:08:28,0,47.674332,N,-117.358826,W,569.210938,0.083518,126.732539,0,0,0
461,3,FIXED,1/24/2018,1:08:38,1/23/2018,17:08:38,0,47.674331,N,-117.358824,W,569.167236,0.082155,138.790611,0,0,0
462,3,FIXED,1/24/2018,1:08:48,1/23/2018,17:08:48,0,47.67433,N,-117.358822,W,569.031982,0.183801,201.453547,0,0,0
463,3,FIXED,1/24/2018,1:08:58,1/23/2018,17:08:58,0,47.674328,N,-117.358823,W,568.905823,0.261768,209.114091,0,0,0
464,3,FIXED,1/24/2018,1:09:08,1/23/2018,17:09:08,0,47.674319,N,-117.358831,W,568.712036,0.404953,217.64825,0,0,0
465,3,FIXED,1/24/2018,1:09:18,1/23/2018,17:09:18,0,47.674301,N,-117.358851,W,568.157837,0.970315,225.819433,0,0,0
466,3,FIXED,1/24/2018,1:09:28,1/23/2018,17:09:28,0,47.674285,N,-117.358875,W,567.00885,0.643338,332.70474,0,0,0
467,3,FIXED,1/24/2018,1:09:38,1/23/2018,17:09:38,0,47.674293,N,-117.358882,W,561.622253,0.842727,42.509828,0,0,0
468,3,FIXED,1/24/2018,1:09:48,1/23/2018,17:09:48,0,47.674316,N,-117.358851,W,553.543823,0.516988,84.533298,0,0,0
469,3,FIXED,1/24/2018,1:09:58,1/23/2018,17:09:58,0,47.674316,N,-117.358839,W,549.296631,0.544971,106.354961,0,0,0
470,3,FIXED,1/24/2018,1:10:08,1/23/2018,17:10:08,0,47.674307,N,-117.358792,W,548.865356,0.971329,164.751662,0,0,0
471,3,FIXED,1/24/2018,1:10:18,1/23/2018,17:10:18,0,47.674287,N,-117.358784,W,544.919434,0.871148,131.830804,0,0,0
472,3,FIXED,1/24/2018,1:10:28,1/23/2018,17:10:28,0,47.674285,N,-117.35878,W,542.718933,1.42966,143.054322,0,0,0
473,3,FIXED,1/24/2018,1:10:38,1/23/2018,17:10:38,0,47.674277,N,-117.358772,W,539.950439,0.878777,143.953282,0,0,0
474,3,FIXED,1/24/2018,1:10:48,1/23/2018,17:10:48,0,47.674234,N,-117.358725,W,539.034729,1.525815,141.057548,0,0,0
475,3,FIXED,1/24/2018,1:10:58,1/23/2018,17:10:58,0,47.67416,N,-117.358636,W,537.803589,2.159311,151.376626,0,0,0
476,3,FIXED,1/24/2018,1:11:08,1/23/2018,17:11:08,0,47.674104,N,-117.358591,W,536.704468,1.712233,185.617133,0,0,0
477,3,FIXED,1/24/2018,1:11:18,1/23/2018,17:11:18,0,47.674045,N,-117.3586,W,535.530518,1.520321,173.216913,0,0,0
478,3,FIXED,1/24/2018,1:11:28,1/23/2018,17:11:28,0,47.673945,N,-117.358582,W,534.37915,2.644942,161.702116,0,0,0
479,3,FIXED,1/24/2018,1:11:38,1/23/2018,17:11:38,0,47.673855,N,-117.358538,W,533.12793,2.673276,60.410149,0,0,0
480,3,FIXED,1/24/2018,1:11:48,1/23/2018,17:11:48,0,47.673911,N,-117.358392,W,531.859131,2.285369,105.299886,0,0,0
481,3,FIXED,1/24/2018,1:11:58,1/23/2018,17:11:58,0,47.673881,N,-117.358227,W,530.633118,2.670841,54.76355,0,0,0
482,3,FIXED,1/24/2018,1:12:08,1/23/2018,17:12:08,0,47.673936,N,-117.358111,W,529.692749,1.453642,11.076172,0,0,0
483,3,FIXED,1/24/2018,1:12:18,1/23/2018,17:12:18,0,47.673996,N,-117.358094,W,528.752441,0.785371,346.835592,0,0,0
484,3,FIXED,1/24/2018,1:12:28,1/23/2018,17:12:28,0,47.67405,N,-117.358112,W,527.932556,1.530358,25.250209,0,0,0
485,3,FIXED,1/24/2018,1:12:38,1/23/2018,17:12:38,0,47.674063,N,-117.358103,W,527.512939,1.08444,346.220728,0,0,0
486,3,FIXED,1/24/2018,1:12:48,1/23/2018,17:12:48,0,47.674098,N,-117.358116,W,527.367676,1.048258,11.091747,0,0,0
487,3,FIXED,1/24/2018,1:12:58,1/23/2018,17:12:58,0,47.674151,N,-117.3581,W,527.199768,1.820746,87.370697,0,0,0
488,3,FIXED,1/24/2018,1:13:08,1/23/2018,17:13:08,0,47.674152,N,-117.358083,W,527.198303,1.392584,215.349213,0,0,0
489,3,FIXED,1/24/2018,1:13:18,1/23/2018,17:13:18,0,47.674127,N,-117.358109,W,527.690613,0.391405,192.108712,0,0,0
490,3,FIXED,1/24/2018,1:13:28,1/23/2018,17:13:28,0,47.674119,N,-117.358112,W,527.651001,0.645058,167.317223,0,0,0
491,3,FIXED,1/24/2018,1:13:38,1/23/2018,17:13:38,0,47.674105,N,-117.358107,W,527.64032,0.626158,169.919728,0,0,0
492,3,FIXED,1/24/2018,1:13:48,1/23/2018,17:13:48,0,47.674087,N,-117.358102,W,527.698608,0.805259,186.383266,0,0,0
493,3,FIXED,1/24/2018,1:13:58,1/23/2018,17:13:58,0,47.674076,N,-117.358104,W,527.838196,0.198817,169.554686,0,0,0
494,3,FIXED,1/24/2018,1:14:08,1/23/2018,17:14:08,0,47.674072,N,-117.358103,W,528.054871,0.171944,212.835936,0,0,0
495,3,FIXED,1/24/2018,1:14:18,1/23/2018,17:14:18,0,47.674066,N,-117.358108,W,528.386597,0.554182,212.835936,0,0,0
496,4,FIXED,1/25/2018,15:26:52,1/25/2018,7:26:52,0,47.681936,N,-117.36571,W,149.864761,3.163245,254.706606,0,0,0
497,4,FIXED,1/25/2018,15:27:02,1/25/2018,7:27:02,0,47.681333,N,-117.368987,W,490.172668,4.345321,237.094348,0,0,0
498,4,FIXED,1/25/2018,15:27:12,1/25/2018,7:27:12,0,47.681301,N,-117.369061,W,491.148895,4.764999,248.696386,0,0,0
499,4,FIXED,1/25/2018,15:27:22,1/25/2018,7:27:22,0,47.681178,N,-117.36953,W,539.075806,4.250113,260.710321,0,0,0
500,4,FIXED,1/25/2018,15:27:32,1/25/2018,7:27:32,0,47.681127,N,-117.369993,W,569.268982,6.07443,265.840856,0,0,0
501,4,FIXED,1/25/2018,15:27:42,1/25/2018,7:27:42,0,47.681115,N,-117.370225,W,568.436951,5.181145,262.022382,0,0,0
502,4,FIXED,1/25/2018,15:27:52,1/25/2018,7:27:52,0,47.681097,N,-117.370422,W,568.885193,5.814167,256.187833,0,0,0
503,4,FIXED,1/25/2018,15:28:02,1/25/2018,7:28:02,0,47.681059,N,-117.370649,W,565.825867,9.570822,254.876039,0,0,0
504,4,FIXED,1/25/2018,15:28:12,1/25/2018,7:28:12,0,47.681024,N,-117.370841,W,564.007202,5.17224,251.34045,0,0,0
505,4,FIXED,1/25/2018,15:28:22,1/25/2018,7:28:22,0,47.680982,N,-117.371028,W,563.855103,5.321085,248.527773,0,0,0
506,4,FIXED,1/25/2018,15:28:32,1/25/2018,7:28:32,0,47.680933,N,-117.37121,W,564.355652,5.527282,255.491927,0,0,0
507,4,FIXED,1/25/2018,15:28:42,1/25/2018,7:28:42,0,47.680898,N,-117.371414,W,563.365723,5.906323,249.652604,0,0,0
508,4,FIXED,1/25/2018,15:28:52,1/25/2018,7:28:52,0,47.680854,N,-117.37159,W,563.317139,4.810571,252.57608,0,0,0
509,4,FIXED,1/25/2018,15:29:02,1/25/2018,7:29:02,0,47.680814,N,-117.371779,W,564.043701,5.800649,277.274107,0,0,0
510,4,FIXED,1/25/2018,15:29:12,1/25/2018,7:29:12,0,47.680833,N,-117.371995,W,563.477844,6.359671,286.042683,0,0,0
511,4,FIXED,1/25/2018,15:29:22,1/25/2018,7:29:22,0,47.680876,N,-117.372217,W,562.441223,5.685091,285.90901,0,0,0
512,4,FIXED,1/25/2018,15:29:32,1/25/2018,7:29:32,0,47.680914,N,-117.372417,W,563.975891,5.139825,260.040721,0,0,0
513,4,FIXED,1/25/2018,15:29:42,1/25/2018,7:29:42,0,47.680891,N,-117.372613,W,564.618225,5.506163,257.08448,0,0,0
514,4,FIXED,1/25/2018,15:29:52,1/25/2018,7:29:52,0,47.680857,N,-117.372831,W,565.70697,5.76342,259.52194,0,0,0
515,4,FIXED,1/25/2018,15:30:02,1/25/2018,7:30:02,0,47.680832,N,-117.373035,W,566.263611,5.619449,269.235402,0,0,0
516,4,FIXED,1/25/2018,15:30:12,1/25/2018,7:30:12,0,47.68083,N,-117.373245,W,565.625671,5.723395,258.656789,0,0,0
517,4,FIXED,1/25/2018,15:30:22,1/25/2018,7:30:22,0,47.680804,N,-117.373435,W,564.846741,5.727139,254.548271,0,0,0
518,4,FIXED,1/25/2018,15:30:32,1/25/2018,7:30:32,0,47.68077,N,-117.37362,W,565.122192,5.682386,261.767536,0,0,0
519,4,FIXED,1/25/2018,15:30:42,1/25/2018,7:30:42,0,47.680748,N,-117.37384,W,566.235474,5.840709,262.516573,0,0,0
520,4,FIXED,1/25/2018,15:30:52,1/25/2018,7:30:52,0,47.680732,N,-117.374029,W,565.849792,5.925189,263.09417,0,0,0
521,4,FIXED,1/25/2018,15:31:02,1/25/2018,7:31:02,0,47.680715,N,-117.374229,W,565.143188,6.232464,260.18498,0,0,0
522,4,FIXED,1/25/2018,15:31:12,1/25/2018,7:31:12,0,47.68069,N,-117.374444,W,564.697815,5.819232,271.256228,0,0,0
523,4,FIXED,1/25/2018,15:31:22,1/25/2018,7:31:22,0,47.680693,N,-117.374646,W,565.3396,5.436842,262.338023,0,0,0
524,4,FIXED,1/25/2018,15:31:32,1/25/2018,7:31:32,0,47.680676,N,-117.37484,W,565.251587,4.927548,255.913676,0,0,0
525,4,FIXED,1/25/2018,15:31:42,1/25/2018,7:31:42,0,47.680645,N,-117.375024,W,566.688843,5.167802,262.597873,0,0,0
526,4,FIXED,1/25/2018,15:31:52,1/25/2018,7:31:52,0,47.680628,N,-117.375218,W,567.26123,5.489433,250.132807,0,0,0
527,4,FIXED,1/25/2018,15:32:02,1/25/2018,7:32:02,0,47.68058,N,-117.375415,W,567.999268,5.350926,252.609038,0,0,0
528,4,FIXED,1/25/2018,15:32:12,1/25/2018,7:32:12,0,47.680537,N,-117.375617,W,567.195129,5.374806,261.140834,0,0,0
529,4,FIXED,1/25/2018,15:32:22,1/25/2018,7:32:22,0,47.680532,N,-117.375669,W,565.252563,3.901219,73.488174,0,0,0
530,4,FIXED,1/25/2018,15:32:32,1/25/2018,7:32:32,0,47.680566,N,-117.3755,W,565.118774,5.567647,75.433317,0,0,0
531,4,FIXED,1/25/2018,15:32:42,1/25/2018,7:32:42,0,47.680596,N,-117.375323,W,566.364563,5.71439,70.293618,0,0,0
532,4,FIXED,1/25/2018,15:32:52,1/25/2018,7:32:52,0,47.680637,N,-117.375157,W,567.902161,5.694711,90.28708,0,0,0
533,4,FIXED,1/25/2018,15:33:02,1/25/2018,7:33:02,0,47.680636,N,-117.374966,W,566.783081,5.574073,66.202175,0,0,0
534,4,FIXED,1/25/2018,15:33:12,1/25/2018,7:33:12,0,47.680689,N,-117.374789,W,565.36853,5.94505,93.756,0,0,0
535,4,FIXED,1/25/2018,15:33:22,1/25/2018,7:33:22,0,47.680679,N,-117.37458,W,565.719604,5.182459,82.832776,0,0,0
536,4,FIXED,1/25/2018,15:33:32,1/25/2018,7:33:32,0,47.680697,N,-117.374373,W,565.171204,5.825355,86.900785,0,0,0
537,4,FIXED,1/25/2018,15:33:42,1/25/2018,7:33:42,0,47.680705,N,-117.374157,W,565.408264,5.70926,82.743363,0,0,0
538,4,FIXED,1/25/2018,15:33:52,1/25/2018,7:33:52,0,47.680724,N,-117.373938,W,565.722168,5.836472,81.999187,0,0,0
539,4,FIXED,1/25/2018,15:34:02,1/25/2018,7:34:02,0,47.680745,N,-117.373711,W,567.861511,5.671309,71.727807,0,0,0
540,4,FIXED,1/25/2018,15:34:12,1/25/2018,7:34:12,0,47.68079,N,-117.373508,W,568.619446,5.470209,84.527553,0,0,0
541,4,FIXED,1/25/2018,15:34:22,1/25/2018,7:34:22,0,47.680803,N,-117.373309,W,569.640015,5.501542,85.369411,0,0,0
542,4,FIXED,1/25/2018,15:34:32,1/25/2018,7:34:32,0,47.680815,N,-117.373099,W,570.654785,5.732387,81.26963,0,0,0
543,4,FIXED,1/25/2018,15:34:42,1/25/2018,7:34:42,0,47.680836,N,-117.372893,W,571.878906,5.573359,68.243163,0,0,0
544,4,FIXED,1/25/2018,15:34:52,1/25/2018,7:34:52,0,47.680888,N,-117.372699,W,572.929077,5.94539,96.931719,0,0,0
545,4,FIXED,1/25/2018,15:35:02,1/25/2018,7:35:02,0,47.680872,N,-117.372504,W,574.381104,4.955169,99.992525,0,0,0
546,4,FIXED,1/25/2018,15:35:12,1/25/2018,7:35:12,0,47.680846,N,-117.372289,W,574.291748,5.736779,107.192287,0,0,0
547,4,FIXED,1/25/2018,15:35:22,1/25/2018,7:35:22,0,47.680805,N,-117.372091,W,575.458435,5.319522,96.367325,0,0,0
548,4,FIXED,1/25/2018,15:35:32,1/25/2018,7:35:32,0,47.68079,N,-117.371895,W,574.792419,5.83674,92.459858,0,0,0
549,4,FIXED,1/25/2018,15:35:42,1/25/2018,7:35:42,0,47.680784,N,-117.371684,W,574.331726,5.157774,61.090746,0,0,0
550,4,FIXED,1/25/2018,15:35:52,1/25/2018,7:35:52,0,47.68085,N,-117.371507,W,571.599243,4.747854,60.614974,0,0,0
551,4,FIXED,1/25/2018,15:36:02,1/25/2018,7:36:02,0,47.680919,N,-117.371324,W,571.641541,6.023423,59.740055,0,0,0
552,4,FIXED,1/25/2018,15:36:12,1/25/2018,7:36:12,0,47.681003,N,-117.371111,W,572.497925,7.977604,68.984159,0,0,0
553,4,FIXED,1/25/2018,15:36:22,1/25/2018,7:36:22,0,47.681055,N,-117.370912,W,573.539307,5.645016,84.769053,0,0,0
554,4,FIXED,1/25/2018,15:36:32,1/25/2018,7:36:32,0,47.681064,N,-117.370753,W,571.771851,2.493382,72.885886,0,0,0
555,4,FIXED,1/25/2018,15:36:42,1/25/2018,7:36:42,0,47.681096,N,-117.370602,W,573.347412,5.812696,98.437942,0,0,0
556,4,FIXED,1/25/2018,15:36:52,1/25/2018,7:36:52,0,47.681075,N,-117.370392,W,573.958252,5.306061,82.074022,0,0,0
557,4,FIXED,1/25/2018,15:37:02,1/25/2018,7:37:02,0,47.681091,N,-117.37022,W,571.748535,4.756177,77.759979,0,0,0
558,4,FIXED,1/25/2018,15:37:12,1/25/2018,7:37:12,0,47.681123,N,-117.370001,W,570.343323,6.690692,85.847568,0,0,0
559,4,FIXED,1/25/2018,15:37:22,1/25/2018,7:37:22,0,47.681132,N,-117.369802,W,569.406128,5.379869,94.050504,0,0,0
560,4,FIXED,1/25/2018,15:37:32,1/25/2018,7:37:32,0,47.681124,N,-117.369626,W,568.641296,1.961274,95.573557,0,0,0
561,4,FIXED,1/25/2018,15:37:42,1/25/2018,7:37:42,0,47.681119,N,-117.369546,W,568.049377,4.684598,76.236585,0,0,0
562,4,FIXED,1/25/2018,15:37:52,1/25/2018,7:37:52,0,47.681134,N,-117.369452,W,568.724365,3.707691,79.967077,0,0,0
563,4,FIXED,1/25/2018,15:38:02,1/25/2018,7:38:02,0,47.681157,N,-117.369263,W,569.660339,3.390512,105.526758,0,0,0
564,4,FIXED,1/25/2018,15:38:12,1/25/2018,7:38:12,0,47.681129,N,-117.369114,W,569.823486,3.535205,113.409409,0,0,0
565,4,FIXED,1/25/2018,15:38:22,1/25/2018,7:38:22,0,47.681088,N,-117.368974,W,569.168457,3.461616,116.1405,0,0,0
566,4,FIXED,1/25/2018,15:38:32,1/25/2018,7:38:32,0,47.681045,N,-117.368844,W,567.65863,3.75267,91.26638,0,0,0
567,4,FIXED,1/25/2018,15:38:42,1/25/2018,7:38:42,0,47.681042,N,-117.368641,W,565.814026,4.155636,107.457462,0,0,0
568,4,FIXED,1/25/2018,15:38:52,1/25/2018,7:38:52,0,47.681002,N,-117.368453,W,565.459839,2.720061,107.457462,0,0,0
569,5,FIXED,1/26/2018,14:57:58,1/26/2018,6:57:58,0,47.661604,N,-117.411565,W,149.998871,0.14848,255.328305,0,0,0
570,5,FIXED,1/26/2018,14:58:08,1/26/2018,6:58:08,0,47.66153,N,-117.411982,W,149.868179,0.840157,41.15658,0,0,0
571,5,FIXED,1/26/2018,14:58:18,1/26/2018,6:58:18,0,47.661571,N,-117.411929,W,149.766434,3.016796,49.781712,0,0,0
572,5,FIXED,1/26/2018,14:58:29,1/26/2018,6:58:29,0,47.661641,N,-117.411807,W,148.963303,2.417938,74.839959,0,0,0
573,5,FIXED,1/26/2018,14:58:39,1/26/2018,6:58:39,0,47.662436,N,-117.407446,W,549.918823,2.221886,1.872859,0,0,0
574,5,FIXED,1/26/2018,14:58:49,1/26/2018,6:58:49,0,47.662496,N,-117.407443,W,550.321472,2.121098,359.133805,0,0,0
575,5,FIXED,1/26/2018,14:58:59,1/26/2018,6:58:59,0,47.662535,N,-117.407444,W,550.732117,2.185178,338.366781,0,0,0
576,5,FIXED,1/26/2018,14:59:09,1/26/2018,6:59:09,0,47.662589,N,-117.407476,W,552.380066,1.831179,18.935847,0,0,0
577,5,FIXED,1/26/2018,14:59:19,1/26/2018,6:59:19,0,47.662644,N,-117.407447,W,550.583374,3.913178,69.193269,0,0,0
578,5,FIXED,1/26/2018,14:59:29,1/26/2018,6:59:29,0,47.662674,N,-117.407332,W,552.80957,0.132225,339.702913,0,0,0
579,5,FIXED,1/26/2018,14:59:39,1/26/2018,6:59:39,0,47.662689,N,-117.40734,W,554.839539,0.147237,337.998403,0,0,0
580,5,FIXED,1/26/2018,14:59:49,1/26/2018,6:59:49,0,47.662716,N,-117.407356,W,554.751953,1.02068,327.68788,0,0,0
581,5,FIXED,1/26/2018,14:59:59,1/26/2018,6:59:59,0,47.662739,N,-117.407377,W,554.782166,1.902785,325.967208,0,0,0
582,5,FIXED,1/26/2018,15:00:09,1/26/2018,7:00:09,0,47.662766,N,-117.407405,W,554.328369,2.363171,329.150756,0,0,0
583,5,FIXED,1/26/2018,15:00:19,1/26/2018,7:00:19,0,47.662791,N,-117.407427,W,554.008057,0.167092,340.822295,0,0,0
584,5,FIXED,1/26/2018,15:00:29,1/26/2018,7:00:29,0,47.662829,N,-117.407446,W,554.493469,1.678166,335.627091,0,0,0
585,5,FIXED,1/26/2018,15:00:39,1/26/2018,7:00:39,0,47.662884,N,-117.407484,W,551.981567,3.953472,357.109693,0,0,0
586,5,FIXED,1/26/2018,15:00:49,1/26/2018,7:00:49,0,47.663029,N,-117.407494,W,551.5401,7.592981,309.437618,0,0,0
587,5,FIXED,1/26/2018,15:00:59,1/26/2018,7:00:59,0,47.663135,N,-117.407687,W,551.271973,7.044777,18.316899,0,0,0
588,5,FIXED,1/26/2018,15:01:09,1/26/2018,7:01:09,0,47.663273,N,-117.407619,W,551.986694,7.743598,49.555854,0,0,0
589,5,FIXED,1/26/2018,15:01:19,1/26/2018,7:01:19,0,47.663399,N,-117.407399,W,553.892883,6.68358,55.792227,0,0,0
590,5,FIXED,1/26/2018,15:01:29,1/26/2018,7:01:29,0,47.663517,N,-117.407143,W,555.912537,7.908898,77.761125,0,0,0
591,5,FIXED,1/26/2018,15:01:39,1/26/2018,7:01:39,0,47.663567,N,-117.406796,W,554.720581,8.337612,96.666806,0,0,0
592,5,FIXED,1/26/2018,15:01:49,1/26/2018,7:01:49,0,47.66354,N,-117.406446,W,555.153381,9.246593,125.183381,0,0,0
593,5,FIXED,1/26/2018,15:01:59,1/26/2018,7:01:59,0,47.663415,N,-117.406183,W,556.263428,9.262538,104.026559,0,0,0
594,5,FIXED,1/26/2018,15:02:09,1/26/2018,7:02:09,0,47.663366,N,-117.405895,W,558.244385,8.08812,86.104806,0,0,0
595,5,FIXED,1/26/2018,15:02:19,1/26/2018,7:02:19,0,47.663379,N,-117.405621,W,563.104919,6.658136,72.350292,0,0,0
596,5,FIXED,1/26/2018,15:02:29,1/26/2018,7:02:29,0,47.663443,N,-117.40532,W,563.870972,6.970846,90.136252,0,0,0
597,5,FIXED,1/26/2018,15:02:39,1/26/2018,7:02:39,0,47.663443,N,-117.405009,W,569.807129,7.305921,87.209324,0,0,0
598,5,FIXED,1/26/2018,15:02:49,1/26/2018,7:02:49,0,47.663455,N,-117.404637,W,570.212036,9.293638,94.897838,0,0,0
599,5,FIXED,1/26/2018,15:02:59,1/26/2018,7:02:59,0,47.663435,N,-117.404296,W,570.218811,8.151626,130.265313,0,0,0
600,5,FIXED,1/26/2018,15:03:09,1/26/2018,7:03:09,0,47.663289,N,-117.40404,W,568.715454,8.407844,95.648328,0,0,0
601,5,FIXED,1/26/2018,15:03:19,1/26/2018,7:03:19,0,47.663268,N,-117.403722,W,567.530029,9.208107,65.376836,0,0,0
602,5,FIXED,1/26/2018,15:03:29,1/26/2018,7:03:29,0,47.663345,N,-117.403475,W,567.508301,8.877555,71.205117,0,0,0
603,5,FIXED,1/26/2018,15:03:39,1/26/2018,7:03:39,0,47.663399,N,-117.403238,W,568.212219,8.453852,70.7905,0,0,0
604,5,FIXED,1/26/2018,15:03:49,1/26/2018,7:03:49,0,47.663461,N,-117.402974,W,565.346436,7.25544,69.7997,0,0,0
605,5,FIXED,1/26/2018,15:03:59,1/26/2018,7:03:59,0,47.663527,N,-117.402708,W,568.258362,5.563669,65.991766,0,0,0
606,5,FIXED,1/26/2018,15:04:09,1/26/2018,7:04:09,0,47.663606,N,-117.402443,W,572.726685,7.049244,70.46677,0,0,0
607,5,FIXED,1/26/2018,15:04:19,1/26/2018,7:04:19,0,47.663682,N,-117.402126,W,572.602051,8.101728,73.69353,0,0,0
608,5,FIXED,1/26/2018,15:04:29,1/26/2018,7:04:29,0,47.663751,N,-117.401775,W,571.853943,8.693681,84.191401,0,0,0
609,5,FIXED,1/26/2018,15:04:39,1/26/2018,7:04:39,0,47.663777,N,-117.401397,W,570.024902,7.798472,76.924945,0,0,0
610,5,FIXED,1/26/2018,15:04:49,1/26/2018,7:04:49,0,47.663828,N,-117.40107,W,568.593689,9.550022,65.954289,0,0,0
611,5,FIXED,1/26/2018,15:04:59,1/26/2018,7:04:59,0,47.663921,N,-117.400762,W,566.934082,9.33265,68.717598,0,0,0
612,5,FIXED,1/26/2018,15:05:09,1/26/2018,7:05:09,0,47.663988,N,-117.400505,W,564.979736,6.088536,79.627336,0,0,0
613,5,FIXED,1/26/2018,15:05:19,1/26/2018,7:05:19,0,47.66403,N,-117.40016,W,566.753235,7.967876,81.56793,0,0,0
614,5,FIXED,1/26/2018,15:05:29,1/26/2018,7:05:29,0,47.664064,N,-117.399829,W,571.091553,9.438996,73.484996,0,0,0
615,5,FIXED,1/26/2018,15:05:39,1/26/2018,7:05:39,0,47.664136,N,-117.399466,W,567.348816,9.402745,86.073849,0,0,0
616,5,FIXED,1/26/2018,15:05:49,1/26/2018,7:05:49,0,47.664155,N,-117.399059,W,563.174072,9.202151,90.951303,0,0,0
617,5,FIXED,1/26/2018,15:05:59,1/26/2018,7:05:59,0,47.664151,N,-117.398697,W,561.122192,9.289536,91.965415,0,0,0
618,5,FIXED,1/26/2018,15:06:09,1/26/2018,7:06:09,0,47.664143,N,-117.398361,W,560.089905,8.986484,89.826868,0,0,0
619,5,FIXED,1/26/2018,15:06:19,1/26/2018,7:06:19,0,47.664144,N,-117.398037,W,559.835449,7.1626,77.640196,0,0,0
620,5,FIXED,1/26/2018,15:06:29,1/26/2018,7:06:29,0,47.664191,N,-117.397717,W,558.512024,9.48199,85.526912,0,0,0
621,5,FIXED,1/26/2018,15:06:39,1/26/2018,7:06:39,0,47.664208,N,-117.397394,W,560.21051,8.691861,79.738919,0,0,0
622,5,FIXED,1/26/2018,15:06:49,1/26/2018,7:06:49,0,47.664243,N,-117.397104,W,564.326233,7.803905,74.052056,0,0,0
623,5,FIXED,1/26/2018,15:06:59,1/26/2018,7:06:59,0,47.664303,N,-117.396792,W,564.064209,7.110839,73.257004,0,0,0
624,5,FIXED,1/26/2018,15:07:09,1/26/2018,7:07:09,0,47.664367,N,-117.39648,W,567.94458,8.276281,86.204971,0,0,0
625,5,FIXED,1/26/2018,15:07:19,1/26/2018,7:07:19,0,47.664378,N,-117.396221,W,570.592773,7.934006,85.732384,0,0,0
626,5,FIXED,1/26/2018,15:07:29,1/26/2018,7:07:29,0,47.664392,N,-117.395949,W,565.487732,7.106902,86.286879,0,0,0
627,5,FIXED,1/26/2018,15:07:39,1/26/2018,7:07:39,0,47.664404,N,-117.395677,W,561.928284,7.150337,89.225117,0,0,0
628,5,FIXED,1/26/2018,15:07:49,1/26/2018,7:07:49,0,47.664407,N,-117.395365,W,559.34845,8.986826,85.013613,0,0,0
629,5,FIXED,1/26/2018,15:07:59,1/26/2018,7:07:59,0,47.664427,N,-117.395023,W,563.216858,9.317719,78.104385,0,0,0
630,5,FIXED,1/26/2018,15:08:09,1/26/2018,7:08:09,0,47.664475,N,-117.394684,W,558.187866,9.270205,71.374403,0,0,0
631,5,FIXED,1/26/2018,15:08:19,1/26/2018,7:08:19,0,47.664545,N,-117.394376,W,556.771606,9.559177,70.86616,0,0,0
632,5,FIXED,1/26/2018,15:08:29,1/26/2018,7:08:29,0,47.664628,N,-117.394019,W,551.468994,9.356462,56.788965,0,0,0
633,5,FIXED,1/26/2018,15:08:39,1/26/2018,7:08:39,0,47.664752,N,-117.393739,W,553.039185,9.643788,60.764657,0,0,0
634,5,FIXED,1/26/2018,15:08:49,1/26/2018,7:08:49,0,47.664854,N,-117.393467,W,554.85376,7.458986,161.712436,0,0,0
635,5,FIXED,1/26/2018,15:08:59,1/26/2018,7:08:59,0,47.664666,N,-117.393375,W,556.190186,8.583903,143.597007,0,0,0
636,5,FIXED,1/26/2018,15:09:09,1/26/2018,7:09:09,0,47.664517,N,-117.393211,W,555.602966,8.714287,95.028461,0,0,0
637,5,FIXED,1/26/2018,15:09:19,1/26/2018,7:09:19,0,47.664497,N,-117.392879,W,551.502319,7.232715,102.282633,0,0,0
638,5,FIXED,1/26/2018,15:09:29,1/26/2018,7:09:29,0,47.66447,N,-117.392693,W,546.367859,4.184,95.939583,0,0,0
639,5,FIXED,1/26/2018,15:09:39,1/26/2018,7:09:39,0,47.66445,N,-117.392419,W,545.089783,5.661169,92.437602,0,0,0
640,5,FIXED,1/26/2018,15:09:49,1/26/2018,7:09:49,0,47.664442,N,-117.392121,W,542.996521,6.166579,91.930675,0,0,0
641,5,FIXED,1/26/2018,15:09:59,1/26/2018,7:09:59,0,47.664433,N,-117.391748,W,539.970093,6.312202,86.923513,0,0,0
642,5,FIXED,1/26/2018,15:10:09,1/26/2018,7:10:09,0,47.664445,N,-117.391416,W,543.297241,8.022696,84.876831,0,0,0
643,5,FIXED,1/26/2018,15:10:19,1/26/2018,7:10:19,0,47.664462,N,-117.391146,W,544.970825,1.195312,71.454915,0,0,0
644,5,FIXED,1/26/2018,15:10:29,1/26/2018,7:10:29,0,47.664505,N,-117.390954,W,549.233826,2.370925,42.645956,0,0,0
645,5,FIXED,1/26/2018,15:10:39,1/26/2018,7:10:39,0,47.66453,N,-117.390921,W,550.33606,1.348965,304.299853,0,0,0
646,5,FIXED,1/26/2018,15:10:49,1/26/2018,7:10:49,0,47.664533,N,-117.390929,W,552.175049,0.262389,256.744915,0,0,0
647,5,FIXED,1/26/2018,15:10:59,1/26/2018,7:10:59,0,47.664499,N,-117.391145,W,552.762695,8.207286,263.655472,0,0,0
648,5,FIXED,1/26/2018,15:11:09,1/26/2018,7:11:09,0,47.664483,N,-117.391367,W,552.794495,5.523501,267.250916,0,0,0
649,5,FIXED,1/26/2018,15:11:19,1/26/2018,7:11:19,0,47.664474,N,-117.391636,W,559.662415,4.632835,257.721997,0,0,0
650,5,FIXED,1/26/2018,15:11:29,1/26/2018,7:11:29,0,47.664437,N,-117.391891,W,564.030151,5.031593,264.777974,0,0,0
651,5,FIXED,1/26/2018,15:11:39,1/26/2018,7:11:39,0,47.664421,N,-117.392136,W,567.833313,4.474935,258.461469,0,0,0
652,5,FIXED,1/26/2018,15:11:49,1/26/2018,7:11:49,0,47.664387,N,-117.392389,W,572.240234,5.400586,265.65401,0,0,0
653,5,FIXED,1/26/2018,15:11:59,1/26/2018,7:11:59,0,47.664366,N,-117.392792,W,590.860046,5.665991,299.275722,0,0,0
654,5,FIXED,1/26/2018,15:12:09,1/26/2018,7:12:09,0,47.664514,N,-117.393183,W,589.534729,8.726023,331.568911,0,0,0
655,5,FIXED,1/26/2018,15:12:19,1/26/2018,7:12:19,0,47.664718,N,-117.393347,W,580.638245,6.505183,249.079416,0,0,0
656,5,FIXED,1/26/2018,15:12:29,1/26/2018,7:12:29,0,47.664644,N,-117.393633,W,577.417908,9.746142,240.148722,0,0,0
657,5,FIXED,1/26/2018,15:12:39,1/26/2018,7:12:39,0,47.664531,N,-117.393925,W,575.404297,8.367264,249.933324,0,0,0
658,5,FIXED,1/26/2018,15:12:49,1/26/2018,7:12:49,0,47.664448,N,-117.394261,W,572.955811,9.285443,262.207398,0,0,0
659,5,FIXED,1/26/2018,15:12:59,1/26/2018,7:12:59,0,47.664412,N,-117.394658,W,565.207275,10.3615,257.244796,0,0,0
660,5,FIXED,1/26/2018,15:13:09,1/26/2018,7:13:09,0,47.664359,N,-117.395003,W,564.386047,9.44112,260.098197,0,0,0
661,5,FIXED,1/26/2018,15:13:19,1/26/2018,7:13:19,0,47.664323,N,-117.39531,W,567.136353,9.398347,272.044082,0,0,0
662,5,FIXED,1/26/2018,15:13:29,1/26/2018,7:13:29,0,47.664331,N,-117.395645,W,567.732971,8.228098,275.061899,0,0,0
663,5,FIXED,1/26/2018,15:13:39,1/26/2018,7:13:39,0,47.664351,N,-117.395972,W,565.112915,7.984252,268.066056,0,0,0
664,5,FIXED,1/26/2018,15:13:49,1/26/2018,7:13:49,0,47.664344,N,-117.396266,W,565.759766,7.812026,265.12767,0,0,0
665,5,FIXED,1/26/2018,15:13:59,1/26/2018,7:13:59,0,47.664327,N,-117.39656,W,565.763062,7.255558,252.502306,0,0,0
666,5,FIXED,1/26/2018,15:14:09,1/26/2018,7:14:09,0,47.664283,N,-117.396769,W,566.136658,5.105658,262.99752,0,0,0
667,5,FIXED,1/26/2018,15:14:19,1/26/2018,7:14:19,0,47.664266,N,-117.396966,W,566.065552,6.186624,259.684551,0,0,0
668,5,FIXED,1/26/2018,15:14:29,1/26/2018,7:14:29,0,47.664231,N,-117.397253,W,565.106506,7.253968,262.625916,0,0,0
669,5,FIXED,1/26/2018,15:14:39,1/26/2018,7:14:39,0,47.664209,N,-117.397508,W,565.186096,6.171245,235.855395,0,0,0
670,5,FIXED,1/26/2018,15:14:49,1/26/2018,7:14:49,0,47.664127,N,-117.397687,W,566.866028,7.931348,257.920513,0,0,0
671,5,FIXED,1/26/2018,15:14:59,1/26/2018,7:14:59,0,47.66408,N,-117.398014,W,571.079712,8.230963,274.037233,0,0,0
672,5,FIXED,1/26/2018,15:15:09,1/26/2018,7:15:09,0,47.664097,N,-117.398381,W,569.606812,8.937053,272.641648,0,0,0
673,5,FIXED,1/26/2018,15:15:19,1/26/2018,7:15:19,0,47.664108,N,-117.398725,W,568.176514,9.12457,270.585499,0,0,0
674,5,FIXED,1/26/2018,15:15:29,1/26/2018,7:15:29,0,47.66411,N,-117.399066,W,565.063904,8.824691,264.930405,0,0,0
675,5,FIXED,1/26/2018,15:15:39,1/26/2018,7:15:39,0,47.66409,N,-117.399403,W,562.260193,8.696005,255.668125,0,0,0
676,5,FIXED,1/26/2018,15:15:49,1/26/2018,7:15:49,0,47.664029,N,-117.399758,W,562.865967,9.351244,257.634816,0,0,0
677,5,FIXED,1/26/2018,15:15:59,1/26/2018,7:15:59,0,47.663985,N,-117.400057,W,564.639465,8.615819,257.817335,0,0,0
678,5,FIXED,1/26/2018,15:16:09,1/26/2018,7:16:09,0,47.663942,N,-117.400355,W,565.335999,8.503871,249.045153,0,0,0
679,5,FIXED,1/26/2018,15:16:19,1/26/2018,7:16:19,0,47.66387,N,-117.400633,W,564.880066,6.907214,233.511074,0,0,0
680,5,FIXED,1/26/2018,15:16:29,1/26/2018,7:16:29,0,47.663738,N,-117.400897,W,568.463745,8.423434,260.185258,0,0,0
681,5,FIXED,1/26/2018,15:16:39,1/26/2018,7:16:39,0,47.663701,N,-117.401216,W,576.344482,7.444982,296.334899,0,0,0
682,5,FIXED,1/26/2018,15:16:49,1/26/2018,7:16:49,0,47.663807,N,-117.401533,W,571.335754,8.424835,268.832168,0,0,0
683,5,FIXED,1/26/2018,15:16:59,1/26/2018,7:16:59,0,47.663802,N,-117.401871,W,567.243774,9.466959,266.364034,0,0,0
684,5,FIXED,1/26/2018,15:17:09,1/26/2018,7:17:09,0,47.663789,N,-117.402179,W,562.194702,5.891337,312.267943,0,0,0
685,5,FIXED,1/26/2018,15:17:19,1/26/2018,7:17:19,0,47.663952,N,-117.402444,W,558.969116,8.77123,330.716762,0,0,0
686,5,FIXED,1/26/2018,15:17:29,1/26/2018,7:17:29,0,47.664143,N,-117.402604,W,559.650757,8.392868,320.264671,0,0,0
687,5,FIXED,1/26/2018,15:17:39,1/26/2018,7:17:39,0,47.664322,N,-117.402824,W,558.962402,9.113831,310.780612,0,0,0
688,5,FIXED,1/26/2018,15:17:49,1/26/2018,7:17:49,0,47.664453,N,-117.403049,W,561.621948,7.340391,309.184736,0,0,0
689,5,FIXED,1/26/2018,15:17:59,1/26/2018,7:17:59,0,47.664585,N,-117.40329,W,564.822571,8.608903,299.971481,0,0,0
690,5,FIXED,1/26/2018,15:18:09,1/26/2018,7:18:09,0,47.664707,N,-117.403606,W,564.477173,10.078969,311.661922,0,0,0
691,5,FIXED,1/26/2018,15:18:19,1/26/2018,7:18:19,0,47.664863,N,-117.403865,W,563.097595,9.184403,303.936155,0,0,0
692,5,FIXED,1/26/2018,15:18:29,1/26/2018,7:18:29,0,47.664986,N,-117.404137,W,562.966858,8.620862,304.656976,0,0,0
693,5,FIXED,1/26/2018,15:18:39,1/26/2018,7:18:39,0,47.665122,N,-117.40443,W,561.935242,8.90034,306.792366,0,0,0
694,5,FIXED,1/26/2018,15:18:49,1/26/2018,7:18:49,0,47.66526,N,-117.404703,W,560.702942,7.38066,309.053993,0,0,0
695,5,FIXED,1/26/2018,15:18:59,1/26/2018,7:18:59,0,47.665395,N,-117.404949,W,560.021301,8.87859,298.400124,0,0,0
696,5,FIXED,1/26/2018,15:19:09,1/26/2018,7:19:09,0,47.665499,N,-117.405236,W,558.014099,8.239389,296.519541,0,0,0
697,5,FIXED,1/26/2018,15:19:19,1/26/2018,7:19:19,0,47.665595,N,-117.405523,W,560.047302,6.783286,292.305002,0,0,0
698,5,FIXED,1/26/2018,15:19:29,1/26/2018,7:19:29,0,47.665677,N,-117.405819,W,563.101196,8.391939,290.382838,0,0,0
699,5,FIXED,1/26/2018,15:19:39,1/26/2018,7:19:39,0,47.665762,N,-117.406157,W,563.925537,8.174487,286.213447,0,0,0
700,5,FIXED,1/26/2018,15:19:49,1/26/2018,7:19:49,0,47.66583,N,-117.406506,W,563.219177,9.399858,261.465077,0,0,0
701,5,FIXED,1/26/2018,15:19:59,1/26/2018,7:19:59,0,47.665799,N,-117.406812,W,562.846924,8.739798,235.853299,0,0,0
702,5,FIXED,1/26/2018,15:20:09,1/26/2018,7:20:09,0,47.665678,N,-117.407076,W,563.509766,9.154552,228.19345,0,0,0
703,5,FIXED,1/26/2018,15:20:19,1/26/2018,7:20:19,0,47.665536,N,-117.407313,W,569.551575,9.477366,214.983686,0,0,0
704,5,FIXED,1/26/2018,15:20:29,1/26/2018,7:20:29,0,47.665349,N,-117.407507,W,573.624878,8.5477,199.139697,0,0,0
705,5,FIXED,1/26/2018,15:20:39,1/26/2018,7:20:39,0,47.665138,N,-117.407616,W,578.27948,6.123051,212.906737,0,0,0
706,5,FIXED,1/26/2018,15:20:49,1/26/2018,7:20:49,0,47.665004,N,-117.407745,W,577.139893,3.894611,190.845928,0,0,0
707,5,FIXED,1/26/2018,15:20:59,1/26/2018,7:20:59,0,47.664803,N,-117.407802,W,576.306213,6.57095,192.751541,0,0,0
708,5,FIXED,1/26/2018,15:21:09,1/26/2018,7:21:09,0,47.664548,N,-117.407888,W,576.745544,8.810067,211.635514,0,0,0
709,5,FIXED,1/26/2018,15:21:19,1/26/2018,7:21:19,0,47.664346,N,-117.408073,W,578.60083,8.189227,223.074899,0,0,0
710,5,FIXED,1/26/2018,15:21:29,1/26/2018,7:21:29,0,47.664184,N,-117.408297,W,575.786865,8.004547,238.321559,0,0,0
711,5,FIXED,1/26/2018,15:21:39,1/26/2018,7:21:39,0,47.664063,N,-117.408588,W,573.707764,9.150291,242.572679,0,0,0
712,5,FIXED,1/26/2018,15:21:49,1/26/2018,7:21:49,0,47.663951,N,-117.408909,W,570.911804,8.886149,226.024065,0,0,0
713,5,FIXED,1/26/2018,15:21:59,1/26/2018,7:21:59,0,47.663799,N,-117.409143,W,568.716614,7.869108,222.655622,0,0,0
714,5,FIXED,1/26/2018,15:22:09,1/26/2018,7:22:09,0,47.663646,N,-117.409353,W,572.460449,7.993581,248.105517,0,0,0
715,5,FIXED,1/26/2018,15:22:19,1/26/2018,7:22:19,0,47.663559,N,-117.409673,W,573.384277,5.62232,217.96642,0,0,0
716,5,FIXED,1/26/2018,15:22:29,1/26/2018,7:22:29,0,47.663442,N,-117.409809,W,576.787903,5.944204,209.493834,0,0,0
717,5,FIXED,1/26/2018,15:22:39,1/26/2018,7:22:39,0,47.66334,N,-117.409894,W,579.63031,2.78653,252.868552,0,0,0
718,5,FIXED,1/26/2018,15:22:49,1/26/2018,7:22:49,0,47.663292,N,-117.410127,W,577.354187,5.804054,253.308332,0,0,0
719,5,FIXED,1/26/2018,15:22:59,1/26/2018,7:22:59,0,47.663223,N,-117.410467,W,574.297302,9.572477,243.640643,0,0,0
720,5,FIXED,1/26/2018,15:23:09,1/26/2018,7:23:09,0,47.663143,N,-117.410707,W,572.22937,8.798631,249.723218,0,0,0
721,5,FIXED,1/26/2018,15:23:19,1/26/2018,7:23:19,0,47.663089,N,-117.410921,W,572.029236,4.070976,257.938022,0,0,0
722,5,FIXED,1/26/2018,15:23:29,1/26/2018,7:23:29,0,47.663035,N,-117.411302,W,572.152649,10.605285,269.741648,0,0,0
723,5,FIXED,1/26/2018,15:23:39,1/26/2018,7:23:39,0,47.663033,N,-117.411704,W,570.848083,8.915518,282.373328,0,0,0
724,5,FIXED,1/26/2018,15:23:49,1/26/2018,7:23:49,0,47.663085,N,-117.412054,W,567.376343,7.806472,286.931064,0,0,0
725,5,FIXED,1/26/2018,15:23:59,1/26/2018,7:23:59,0,47.663149,N,-117.412367,W,562.11499,6.040212,267.863572,0,0,0
726,5,FIXED,1/26/2018,15:24:09,1/26/2018,7:24:09,0,47.66314,N,-117.412748,W,560.999451,11.449642,247.097041,0,0,0
727,5,FIXED,1/26/2018,15:24:19,1/26/2018,7:24:19,0,47.663077,N,-117.412967,W,573.312927,8.601309,274.818063,0,0,0
728,5,FIXED,1/26/2018,15:24:29,1/26/2018,7:24:29,0,47.663094,N,-117.413259,W,580.531372,8.623379,275.684498,0,0,0
729,5,FIXED,1/26/2018,15:24:39,1/26/2018,7:24:39,0,47.663125,N,-117.413717,W,577.13031,8.342221,286.909771,0,0,0
730,5,FIXED,1/26/2018,15:24:49,1/26/2018,7:24:49,0,47.663191,N,-117.41404,W,577.007263,7.765337,308.433969,0,0,0
731,5,FIXED,1/26/2018,15:24:59,1/26/2018,7:24:59,0,47.663298,N,-117.41424,W,580.626282,8.442416,262.471793,0,0,0
732,5,FIXED,1/26/2018,15:25:09,1/26/2018,7:25:09,0,47.663275,N,-117.414491,W,584.773926,7.004845,274.011156,0,0,0
733,5,FIXED,1/26/2018,15:25:19,1/26/2018,7:25:19,0,47.663288,N,-117.414762,W,590.737061,7.414703,280.249738,0,0,0
734,5,FIXED,1/26/2018,15:25:29,1/26/2018,7:25:29,0,47.663334,N,-117.415141,W,592.284729,6.789889,278.854232,0,0,0
735,5,FIXED,1/26/2018,15:25:39,1/26/2018,7:25:39,0,47.663375,N,-117.415532,W,592.321289,7.880325,283.262446,0,0,0
736,5,FIXED,1/26/2018,15:25:49,1/26/2018,7:25:49,0,47.663435,N,-117.415905,W,591.632813,4.326046,267.494896,0,0,0
737,5,FIXED,1/26/2018,15:25:59,1/26/2018,7:25:59,0,47.663427,N,-117.416173,W,599.527527,7.971226,264.522974,0,0,0
738,5,FIXED,1/26/2018,15:26:09,1/26/2018,7:26:09,0,47.6634,N,-117.416592,W,601.459229,5.9042,283.013257,0,0,0
739,5,FIXED,1/26/2018,15:26:19,1/26/2018,7:26:19,0,47.663461,N,-117.416986,W,592.388672,6.777647,296.342254,0,0,0
740,5,FIXED,1/26/2018,15:26:29,1/26/2018,7:26:29,0,47.663571,N,-117.417316,W,577.995483,7.449578,291.39103,0,0,0
741,5,FIXED,1/26/2018,15:26:39,1/26/2018,7:26:39,0,47.663603,N,-117.417439,W,574.377441,1.277582,292.179305,0,0,0
742,5,FIXED,1/26/2018,15:26:49,1/26/2018,7:26:49,0,47.663716,N,-117.417849,W,571.104065,9.705814,302.780983,0,0,0
743,5,FIXED,1/26/2018,15:26:59,1/26/2018,7:26:59,0,47.663871,N,-117.418206,W,569.803772,9.153335,302.782214,0,0,0
744,5,FIXED,1/26/2018,15:27:09,1/26/2018,7:27:09,0,47.664018,N,-117.418544,W,564.84314,8.218066,304.243679,0,0,0
745,5,FIXED,1/26/2018,15:27:19,1/26/2018,7:27:19,0,47.664144,N,-117.41882,W,564.91217,8.379496,312.476432,0,0,0
746,5,FIXED,1/26/2018,15:27:29,1/26/2018,7:27:29,0,47.664329,N,-117.41912,W,560.468262,7.680312,299.378769,0,0,0
747,5,FIXED,1/26/2018,15:27:39,1/26/2018,7:27:39,0,47.664439,N,-117.41941,W,562.448242,9.167574,301.01918,0,0,0
748,5,FIXED,1/26/2018,15:27:49,1/26/2018,7:27:49,0,47.664566,N,-117.419725,W,561.230286,8.043207,307.595279,0,0,0
749,5,FIXED,1/26/2018,15:27:59,1/26/2018,7:27:59,0,47.664718,N,-117.420018,W,561.011292,9.20529,299.011527,0,0,0
750,5,FIXED,1/26/2018,15:28:09,1/26/2018,7:28:09,0,47.664823,N,-117.420299,W,557.073059,5.956671,255.342306,0,0,0
751,5,FIXED,1/26/2018,15:28:19,1/26/2018,7:28:19,0,47.66478,N,-117.420546,W,559.752563,7.305576,208.041163,0,0,0
752,5,FIXED,1/26/2018,15:28:29,1/26/2018,7:28:29,0,47.66459,N,-117.420696,W,560.957581,9.378869,211.649231,0,0,0
753,5,FIXED,1/26/2018,15:28:39,1/26/2018,7:28:39,0,47.664463,N,-117.420812,W,558.0625,3.027308,345.858567,0,0,0
754,5,FIXED,1/26/2018,15:28:49,1/26/2018,7:28:49,0,47.664464,N,-117.420813,W,556.477783,0.710386,26.421947,0,0,0
755,5,FIXED,1/26/2018,15:28:59,1/26/2018,7:28:59,0,47.664469,N,-117.420809,W,555.832825,0.077821,27.545539,0,0,0
756,5,FIXED,1/26/2018,15:29:09,1/26/2018,7:29:09,0,47.66447,N,-117.420809,W,555.45282,0.017123,65.618386,0,0,0
757,5,FIXED,1/26/2018,15:29:19,1/26/2018,7:29:19,0,47.66447,N,-117.420808,W,555.437439,0.041247,140.400694,0,0,0
758,5,FIXED,1/26/2018,15:29:29,1/26/2018,7:29:29,0,47.664469,N,-117.420808,W,555.41748,0.02332,153.455311,0,0,0
759,5,FIXED,1/26/2018,15:29:39,1/26/2018,7:29:39,0,47.664469,N,-117.420808,W,555.417236,0.379053,168.942939,0,0,0
760,5,FIXED,1/26/2018,15:29:49,1/26/2018,7:29:49,0,47.664457,N,-117.420804,W,555.035889,0.618001,168.256202,0,0,0
761,5,FIXED,1/26/2018,15:29:59,1/26/2018,7:29:59,0,47.664456,N,-117.420804,W,555.033081,0.045782,192.2483,0,0,0
762,5,FIXED,1/26/2018,15:30:09,1/26/2018,7:30:09,0,47.664437,N,-117.42081,W,554.962708,6.097113,192.239763,0,0,0
763,5,FIXED,1/26/2018,15:30:19,1/26/2018,7:30:19,0,47.664191,N,-117.420889,W,554.541809,9.571259,187.776896,0,0,0
764,5,FIXED,1/26/2018,15:30:29,1/26/2018,7:30:29,0,47.663942,N,-117.42094,W,553.701538,7.690285,189.43333,0,0,0
765,5,FIXED,1/26/2018,15:30:39,1/26/2018,7:30:39,0,47.663704,N,-117.420999,W,552.868591,9.814743,189.994173,0,0,0
766,5,FIXED,1/26/2018,15:30:49,1/26/2018,7:30:49,0,47.663462,N,-117.421062,W,551.88385,9.325963,183.298206,0,0,0
767,5,FIXED,1/26/2018,15:30:59,1/26/2018,7:30:59,0,47.663221,N,-117.421083,W,550.981934,9.776764,177.015036,0,0,0
768,5,FIXED,1/26/2018,15:31:09,1/26/2018,7:31:09,0,47.662991,N,-117.421065,W,551.677307,4.768879,171.530678,0,0,0
769,5,FIXED,1/26/2018,15:31:19,1/26/2018,7:31:19,0,47.662754,N,-117.421012,W,551.530701,8.609447,156.657304,0,0,0
770,5,FIXED,1/26/2018,15:31:29,1/26/2018,7:31:29,0,47.662546,N,-117.420879,W,547.811096,8.708289,203.113364,0,0,0
771,5,FIXED,1/26/2018,15:31:39,1/26/2018,7:31:39,0,47.662319,N,-117.421023,W,546.994873,9.555273,207.520758,0,0,0
772,5,FIXED,1/26/2018,15:31:49,1/26/2018,7:31:49,0,47.662087,N,-117.421202,W,547.885193,9.308434,181.88126,0,0,0
773,5,FIXED,1/26/2018,15:31:59,1/26/2018,7:31:59,0,47.661864,N,-117.421213,W,550.088257,8.06545,143.265886,0,0,0
774,5,FIXED,1/26/2018,15:32:09,1/26/2018,7:32:09,0,47.661684,N,-117.421014,W,553.670898,9.35081,104.049188,0,0,0
775,5,FIXED,1/26/2018,15:32:19,1/26/2018,7:32:19,0,47.661629,N,-117.420688,W,553.37439,8.786936,117.615526,0,0,0
776,5,FIXED,1/26/2018,15:32:29,1/26/2018,7:32:29,0,47.661522,N,-117.420385,W,551.917236,10.106711,92.936011,0,0,0
777,5,FIXED,1/26/2018,15:32:39,1/26/2018,7:32:39,0,47.66151,N,-117.420033,W,554.321533,10.440353,97.002779,0,0,0
778,5,FIXED,1/26/2018,15:32:49,1/26/2018,7:32:49,0,47.661481,N,-117.419675,W,556.746765,9.135803,129.27568,0,0,0
779,5,FIXED,1/26/2018,15:32:59,1/26/2018,7:32:59,0,47.661366,N,-117.419466,W,557.705627,5.788891,174.448078,0,0,0
780,5,FIXED,1/26/2018,15:33:09,1/26/2018,7:33:09,0,47.66116,N,-117.419436,W,559.500793,8.012877,151.688532,0,0,0
781,5,FIXED,1/26/2018,15:33:19,1/26/2018,7:33:19,0,47.661,N,-117.419309,W,560.540405,6.629012,120.566628,0,0,0
782,5,FIXED,1/26/2018,15:33:29,1/26/2018,7:33:29,0,47.660886,N,-117.41902,W,559.230591,7.233609,111.74331,0,0,0
783,5,FIXED,1/26/2018,15:33:39,1/26/2018,7:33:39,0,47.660789,N,-117.418662,W,558.345886,9.043987,77.585571,0,0,0
784,5,FIXED,1/26/2018,15:33:49,1/26/2018,7:33:49,0,47.660835,N,-117.418355,W,558.550598,9.735065,81.528955,0,0,0
785,5,FIXED,1/26/2018,15:33:59,1/26/2018,7:33:59,0,47.66087,N,-117.418,W,554.391052,8.914225,46.147246,0,0,0
786,5,FIXED,1/26/2018,15:34:09,1/26/2018,7:34:09,0,47.660996,N,-117.417807,W,555.480286,9.087252,88.823528,0,0,0
787,5,FIXED,1/26/2018,15:34:19,1/26/2018,7:34:19,0,47.661,N,-117.417498,W,556.005188,9.400479,92.686724,0,0,0
788,5,FIXED,1/26/2018,15:34:29,1/26/2018,7:34:29,0,47.660989,N,-117.417149,W,559.175476,9.527266,81.715085,0,0,0
789,5,FIXED,1/26/2018,15:34:39,1/26/2018,7:34:39,0,47.661023,N,-117.416803,W,565.793152,9.273084,87.663272,0,0,0
790,5,FIXED,1/26/2018,15:34:49,1/26/2018,7:34:49,0,47.661033,N,-117.416449,W,562.75708,9.908541,57.170295,0,0,0
791,5,FIXED,1/26/2018,15:34:59,1/26/2018,7:34:59,0,47.661155,N,-117.416167,W,562.278076,10.355661,51.059042,0,0,0
792,5,FIXED,1/26/2018,15:35:09,1/26/2018,7:35:09,0,47.66131,N,-117.415882,W,560.683044,8.951233,45.946159,0,0,0
793,5,FIXED,1/26/2018,15:35:19,1/26/2018,7:35:19,0,47.661465,N,-117.415644,W,560.296265,9.257381,41.735763,0,0,0
794,5,FIXED,1/26/2018,15:35:29,1/26/2018,7:35:29,0,47.661637,N,-117.415417,W,561.388672,10.463711,58.051123,0,0,0
795,5,FIXED,1/26/2018,15:35:39,1/26/2018,7:35:39,0,47.661761,N,-117.415121,W,561.374268,10.551083,76.066222,0,0,0
796,5,FIXED,1/26/2018,15:35:49,1/26/2018,7:35:49,0,47.661828,N,-117.41472,W,558.373962,10.236313,82.835636,0,0,0
797,5,FIXED,1/26/2018,15:35:59,1/26/2018,7:35:59,0,47.661861,N,-117.414338,W,557.279358,8.929668,89.863416,0,0,0
798,5,FIXED,1/26/2018,15:36:09,1/26/2018,7:36:09,0,47.661861,N,-117.414004,W,558.840149,9.971262,87.403768,0,0,0
799,5,FIXED,1/26/2018,15:36:19,1/26/2018,7:36:19,0,47.661873,N,-117.413626,W,557.602051,10.690618,85.0934,0,0,0
800,5,FIXED,1/26/2018,15:36:29,1/26/2018,7:36:29,0,47.661892,N,-117.41329,W,558.419373,8.641248,86.010992,0,0,0
801,5,FIXED,1/26/2018,15:36:39,1/26/2018,7:36:39,0,47.661906,N,-117.412988,W,559.28064,7.268045,94.356606,0,0,0
802,5,FIXED,1/26/2018,15:36:49,1/26/2018,7:36:49,0,47.661894,N,-117.412758,W,557.834045,11.908165,83.64188,0,0,0
803,5,FIXED,1/26/2018,15:36:59,1/26/2018,7:36:59,0,47.661918,N,-117.412441,W,555.493591,8.759916,84.3369,0,0,0
804,5,FIXED,1/26/2018,15:37:09,1/26/2018,7:37:09,0,47.661942,N,-117.412091,W,555.993835,10.360107,87.00614,0,0,0
805,5,FIXED,1/26/2018,15:37:19,1/26/2018,7:37:19,0,47.661953,N,-117.411768,W,551.93335,10.037789,70.111073,0,0,0
806,5,FIXED,1/26/2018,15:37:29,1/26/2018,7:37:29,0,47.66203,N,-117.41145,W,558.286133,6.545604,58.294118,0,0,0
807,5,FIXED,1/26/2018,15:37:39,1/26/2018,7:37:39,0,47.662136,N,-117.411198,W,555.373718,9.414726,69.790565,0,0,0
808,5,FIXED,1/26/2018,15:37:49,1/26/2018,7:37:49,0,47.662241,N,-117.410774,W,557.781677,9.823994,68.779182,0,0,0
809,5,FIXED,1/26/2018,15:37:59,1/26/2018,7:37:59,0,47.662337,N,-117.410404,W,560.786011,8.164815,68.20516,0,0,0
810,5,FIXED,1/26/2018,15:38:09,1/26/2018,7:38:09,0,47.662427,N,-117.410072,W,563.05481,11.257102,62.518263,0,0,0
811,5,FIXED,1/26/2018,15:38:19,1/26/2018,7:38:19,0,47.662543,N,-117.40974,W,565.307861,8.33119,69.720365,0,0,0
812,5,FIXED,1/26/2018,15:38:29,1/26/2018,7:38:29,0,47.662594,N,-117.409536,W,563.105835,4.941278,70.290046,0,0,0
813,5,FIXED,1/26/2018,15:38:39,1/26/2018,7:38:39,0,47.66263,N,-117.409385,W,563.13208,5.047151,70.944955,0,0,0
814,5,FIXED,1/26/2018,15:38:49,1/26/2018,7:38:49,0,47.66267,N,-117.409215,W,564.242432,1.985672,66.511735,0,0,0
815,5,FIXED,1/26/2018,15:38:59,1/26/2018,7:38:59,0,47.662722,N,-117.409035,W,565.986145,5.595498,58.248726,0,0,0
816,5,FIXED,1/26/2018,15:39:09,1/26/2018,7:39:09,0,47.662792,N,-117.408868,W,567.116882,3.37572,60.387901,0,0,0
817,5,FIXED,1/26/2018,15:39:19,1/26/2018,7:39:19,0,47.662868,N,-117.40867,W,566.813782,5.40205,65.680132,0,0,0
818,5,FIXED,1/26/2018,15:39:29,1/26/2018,7:39:29,0,47.662924,N,-117.408487,W,565.591919,5.943589,131.319744,0,0,0
819,5,FIXED,1/26/2018,15:39:39,1/26/2018,7:39:39,0,47.662827,N,-117.408323,W,562.634399,4.758595,141.806795,0,0,0
820,5,FIXED,1/26/2018,15:39:49,1/26/2018,7:39:49,0,47.662714,N,-117.408191,W,561.144958,5.275365,143.824783,0,0,0
821,5,FIXED,1/26/2018,15:39:59,1/26/2018,7:39:59,0,47.662607,N,-117.408075,W,561.331543,3.792747,146.640776,0,0,0
822,5,FIXED,1/26/2018,15:40:09,1/26/2018,7:40:09,0,47.662489,N,-117.40796,W,560.607422,5.428636,142.559593,0,0,0
823,5,FIXED,1/26/2018,15:40:19,1/26/2018,7:40:19,0,47.662385,N,-117.407842,W,559.844666,2.941658,119.59378,0,0,0
824,5,FIXED,1/26/2018,15:40:29,1/26/2018,7:40:29,0,47.662342,N,-117.407727,W,561.785034,4.213938,101.260477,0,0,0
825,5,FIXED,1/26/2018,15:40:39,1/26/2018,7:40:39,0,47.662321,N,-117.407571,W,561.73822,4.097276,103.819147,0,0,0
826,5,FIXED,1/26/2018,15:40:49,1/26/2018,7:40:49,0,47.662316,N,-117.407541,W,561.557129,0.738634,103.819147,0,0,0
